username,password,name,idcard,phone
w************e,7e1e21ce419558471d2adbfee243c217,朱*琬,******1992********,745****2994
z************o,3cbf6bbf613847ecb2dcc40c52bcf81b,合*旻,******1998********,733****4526
s*******g,7eefd7af9bd9f2c192c70a62c8ef4535,付**静,******1988********,796****1755
d***************e,837c5df27509a7919ff546747f6cc4e6,古**康,******1974********,788****7161
y******g,896dd74ede3e82d5f5c334c29d474410,师*寒,******1991********,739****3336
J************i,bbe933b41cf24e2c0d1f1594c1e4aa34,凡**渟,******2003********,759****8701
n******y,b3eea62820f9556bbc2896b33271c4b9,戚*德,******2013********,783****2012
e***s,504d0b6212a147daa4bf6c2f6037459a,扈*,******1991********,776****5493
E*****i,c4bde55d3dc0cd5fc11fee53fa093ea7,蔡*媛,******1970********,746****3371
A****d,345f901eff3df442211df7d703fcd104,成*怡,******1970********,735****5211
l***n,1fccb567a44880e8665b7cb9d0f97271,古*绣,******1990********,736****1070
0**1,7617e5391c570b075bfd8ba3491f55c3,伏*,******2009********,783****8861
s**************n,3f841336969e36e8601fc3fdf4d23fc7,杜*珊,******1999********,738****1890
s***********w,e75d7e01a60b06480043bff55cf2da93,东**萱,******1975********,793****2875
W**************g,2082e46e8483a5c8368678cd90837679,公*昮,******2013********,747****1770
D**************g,c4d3dd2961dbbfcb8f7f3659bd331fa0,韦*蕾,******1983********,756****1053
w***************c,28e238256a88d27de5f8e785a0fc029a,汲*卉,******1993********,750****1689
h******************r,92a5b5ca27c6724cca2a0dd638f3791a,付**和,******2007********,786****5347
0*********s,92f0d2897d7ca71575de95fba94d2b53,李*喆,******2001********,745****6039
m************t,ccb4b85cbb3e4a399d0ce84d28211c41,公**筠,******2014********,734****5259
0***********n,3862bc3ccb2acc0993c4a74e51f336ae,申*飇,******1979********,771****2217
l**************y,f6cfb62217ec3e88a4f985760bbc87be,同**年,******2007********,772****2415
l****g,9343eeea42e0f814db5118762161fbce,戴*露,******1970********,777****2174
l*************s,70b0e5d927f063f1e2590f2f7b5d0871,公**秋,******2004********,774****7946
w*********g,caf8955a91071d920eb20b9188afa2fd,冷**雅,******1996********,796****8675
r***************g,823314b3258a3398ed5847bfeae1e964,公*子,******1984********,793****9475
d******************g,c883b3923545201d39b57753055b3dc9,汲*爽,******1970********,776****5340
w*********t,e4fa76e333dd5e41655d253dfedaf405,暨*,******2014********,735****6609
D***********y,5c11829435833b11a97d7772abc09534,阙*心,******2010********,787****5439
x*********y,19e7ba9c63dcb43688a011bb46bbff77,公**梅,******1978********,780****1870
S*****************a,4e6f8650c920fdf70c64062fe6da015a,令**莉,******1970********,783****3656
w***********0,dafcbfdf35cfc56c5808a1f00ba5f8e3,齐*双,******1977********,751****7163
d**********i,07f25b367bec38372ad9e00e832d82b5,董*芙,******1993********,731****2672
l************v,4719ed6626093af61656ad653421aa76,郁*峰,******1999********,789****2579
J*******3,9ff3b3eb856571f970bdae2c49b75c21,莘*,******2015********,749****1114
L********g,ae1f591fd7960a529d4c41552f2f3049,钟*,******1981********,771****8364
l****i,6572bdaff799084b973320f43f09b363,邰*悠,******1977********,749****1744
l***********y,1ce7b62c4128b91c200bd9ee33f5af4e,任*珍,******2011********,775****0072
y*********g,8292da472259c806f6283f6f9d758e28,文*和,******1984********,799****4277
l*********g,b6122a82522fabac736232942f247849,公**元,******1998********,786****4302
N**********n,54e23552b007adf95506be46ee25defb,尚*英,******1984********,788****7533
s************g,8d2cc65060e3e318393be19878c8bc76,安*颖,******1972********,784****6188
0*************g,065f41acc6b4191833427f83e7a18b1e,卫*大,******2009********,777****9343
L******************h,41be97a4175cce8a3f39fdc30623805d,燕*琴,******2019********,774****7358
t********e,7915736bbb804de6df551f684a6f1658,公**乐,******2006********,752****7528
Y**********1,cd5d7d57687af86f7e2d035c7e466d33,单**春,******1982********,739****2075
a**************a,cc537a5eccdfda219fac91ed36af331f,慕*枫,******1973********,793****7101
s********0,98b0bb6ae30b845ad88e0b2cfc9c3467,宓*,******1983********,766****1939
k***n,587dc6dddf31c47f6292106d228b0d2a,甘**学,******1985********,752****2146
w*****n,62e19b92dd54ab9de3e8d9e95a1cddcb,麴*溪,******2000********,750****9124
l**************l,09b854e890121745d2cb4d6ff684bee6,胜**元,******2018********,749****2700
X***********o,6466088643dabf8523bd9ec0618924c1,叔*志,******1987********,789****1231
P*******************************i,a078924475148d9820c5f7d06d25464f,窦*扬,******1988********,734****7384
q*****************i,407c787699bb356a9553e4d5bec868ac,红*,******2019********,785****7030
p***********e,990437fd1b29e16b3b71ebdf83c2179d,关*丝,******1981********,771****2891
h***********e,c839f59463cf35e02735df25bf601736,伶**玉,******1971********,788****0837
l*****************7,c6acf1dd4850b910acd3398f6f92bbb7,习*,******1986********,781****2563
M*****************************n,f7949f94c2bc17f63d29a3bc69699709,工**昂,******2004********,785****9650
S**********y,762ea0e738b892d948a397d6654bd4e7,公*致,******2014********,737****3680
y*************n,e0f429ffafa67b12d64b9cfcf34b7e62,东*平,******2018********,730****3762
m*****s,3efb4f47f7c5901c591a957c9f468b2a,窦*瑶,******2005********,766****3652
l***********1,3ade822a48ddef4e4ac46adfc7d0bb8b,常*,******1996********,751****2925
r*************7,91ba783a876ce931492898199b1cb81c,弘*愉,******2002********,756****4297
S***e,b80e11651ab16cf6db5f993e76f6e09a,容*慕,******1985********,759****4963
k*************v,473c022c1d639808ad69f093696d45f8,屠*殿,******1998********,790****8791
w*********n,d00a8a519b5eeecc4807747d8dec132f,闻*业,******2017********,778****9568
h******************i,bd83e5eed9f1790ca72eb509be668edf,古**卉,******2008********,730****4525
c********************e,75c3fd0ff7c90c8a8f75ef1c8745fce1,田*锋,******2004********,734****9916
w****************4,7a1decf5182b00015759a0eb1937fd63,公**永,******1984********,788****6316
r**************g,594f803b380a41396ed63dca39503542,王**洲,******1983********,773****2871
n********m,3de483708673c740e71528b174bcdf0e,公**燕,******1979********,737****5199
l************o,febeba70f05726d2b8fa7a37792f22c8,米*奇,******1978********,798****4129
A**********e,3695d5c545f3ff3bad62133c532b2997,益*锋,******1977********,780****4957
c**********e,23e5b24b06d502ae3177b8c82654ad45,工**雅,******2019********,788****6945
m*****************g,9595f4735c7c635c017e928008103a4a,傅*童,******1984********,746****0547
a********n,df4871ff07eb09cfd9740de6286cbdd7,齐*茂,******1976********,737****8658
i**H,b636e3e4a9af2f4986d207a1c2441c14,冯*丽,******1983********,781****7583
c*****n,251445a165248525abbd40f0582b42ac,黄*月,******1984********,758****2415
l****e,861051e665871440609ac34b6980fd2c,仲*瓶,******1982********,767****0936
X*****************l,d12468232a056c97bf745d2bb47f2335,东**适,******2003********,793****4667
z****3,78bdf7bf0025fd1fdbeec5d0676fc6bb,鲍*和,******1976********,745****4106
z****************n,4a6caa56d966777d4544003f538cf515,蔚*平,******1994********,747****8042
w*******************o,3d5832772de069873e8ac47bf9f2e18c,吕*帆,******1979********,793****3681
3***n,d785c99d298a4e9e6e13fe99e602ef42,柏*,******1982********,757****6904
l***n,673ab34ce8bd8c00bb6e5ad4c9de60d8,阎*慨,******2003********,773****2784
e*************3,c7d8ed4c68a332a35ef9f89e34202725,公**茜,******2004********,778****9291
w*****n,f3822b365838ff4e7045e9d08feac527,郁*,******1983********,753****4226
j*******************i,d37dca6e857cd01418bb59ed2f5945d7,文*叶,******1977********,786****3381
c********e,cbeb5901b07eaee0c5450ce936a68a2f,公**莉,******2001********,778****7603
P****************d,c6a9afe1f283f2c61e71b9fb138dd748,公**洋,******1972********,732****6286
c**************i,0c4020804f2ba895d97abcb98585e3a4,卞*玉,******1986********,771****5623
0****e,2cd37d0b46e85f5e53644eec1cb1f046,饶*明,******1991********,787****7675
n*********k,8a8c75e907da3390fd53589a7f3a8d70,浦*绮,******1983********,778****8638
w****************g,863c7064f0d183c162f0c7bbb61cd471,宦*玟,******2012********,755****3465
m***0,0de51924f155d6542a9f04e874c156d8,东**双,******2008********,739****6848
z**************n,0d9f175eab4c463a0eb14bfc57457a15,丘**德,******2003********,799****2977
S*******n,467b617fec4d9fcb63505734ee224851,龙*宁,******1990********,766****9430
l*************g,58cf703f664397ec4f0ac359b84b565c,伏**亮,******2017********,772****2185
w******g,7334c140a65caf31d972689f2c951c5f,公*勒,******2020********,759****7576
l*******i,0a1c6944cb66d02ccefac35620ce2e51,麴*涛,******2011********,750****2006
l*****g,1db3506604508697112009b0a7b95e44,唐*实,******1979********,734****3574
z***************i,839e9c1a49e7ebdeddf258630a89a2bc,水*亮,******2009********,785****5912
z****************i,675d937f7a64282472e6cd61a8597a96,敖*飙,******1971********,748****8294
l***************g,993b05dad5612de019065e841797e623,苍*霞,******1990********,757****9740
v***************g,a80017a90a6bb794601c91712a8cee56,公*蓓,******1978********,759****1936
S************M,6cf5d4bd7692aa70eef92b42a08dfa89,酆*靓,******2000********,733****7348
E*,d488433fe36188c73814df48d0fb4cfe,段*然,******1988********,771****5303
r***************r,88464e3396e4eddaea27b22386233dc6,黎*羽,******1974********,749****8035
s*****************y,6698aa3c04037fa90bb5c0091a7c9f3d,庞*,******1992********,749****2560
L*****************g,ba2b1660dc707b175bc9a01d44bac266,明*晖,******1998********,745****3606
z**********g,ef427653f88e58fa25d42bf5ebedda72,寿*扬,******2012********,776****1506
w****i,650f571d51e5bdb11b7d40a81ca127f2,能*,******2006********,739****4874
r****2,34b2052b1d5364ffc4928cb403fba9de,汤*帆,******1994********,731****6125
P***a,8ca45e5d44cf7a978fde392af8521e86,昌*誉,******1971********,771****8768
y********i,fa829312a0a094231b6c40fe9a6b68e7,贺*武,******1977********,772****6809
z************e,1f687853fecaa06ff546a05c31d5b5d2,严*石,******2015********,786****1907
z**********g,e7b88c20fe0ce218915ae76718abcd9a,胥**云,******1998********,758****1880
t*****i,02b6d796814c353a1f0370a416018016,丌**鸣,******1994********,731****7325
M*************s,552e469011ff874b720a4101d172a6f8,公**子,******1998********,793****0193
l*************n,6af93fa45cfc39e697ee658d2dc8c25f,隆*寒,******1988********,756****0661
v*****o,94c4a2d898e09e0278dcb3d052adac77,岑*珊,******1997********,775****6523
p*********2,84f2e3357cd3a3a62c1c8b7504cfc63f,冬**航,******2002********,747****1740
h********e,998b1017bc4fd465af3edca71080f502,何**安,******2004********,736****9516
d***********k,44ca4f9cbaf23618cca55ce6cff553b8,公**远,******1997********,796****4500
g***t,7df09019b2a1a84f6fc2b2ecdf63a74a,陶*婷,******1987********,785****9677
s****************l,95b5eeaa924e9dbf01114aabdd2497fb,家*歌,******1979********,731****1846
x*5,f6b85230fb6c4192a3dfe6e340a1a102,伊*秀,******1998********,736****3903
l**********o,0ff5247ca8a0dd247b3ed7428922b7ef,蔚*柏,******2012********,799****5217
r***********e,5adc9f695cc1f56cf13a8c54ed119704,庄*,******2010********,772****2479
B************b,a9793b4d7cf8f7592b289ae9f656f1f5,公**蓝,******2012********,777****8324
a***********s,e7de4c7341585197cd6f2865534b7940,暴*,******1987********,736****3597
w**************g,5604f0fb46f8620ecde2cd32bea48c5c,孙*云,******1986********,773****0118
y************k,f69e5eefdd13b971503c828b5433775e,宋*松,******1984********,778****8441
l**o,084bba590a8f296413a2e297b1bcd29d,东**深,******2005********,767****7885
l****g,5f59c33c2d47c93fcf6665573ed89bce,中**然,******1991********,777****5072
w*****n,d36e1cb4c38d55362c27487b12746b03,利*文,******1994********,780****3133
L******************n,331578bd1ce121477e0f9eac7c9267f3,岑*杰,******1987********,780****4673
m***e,7bb8565ce0aa5027874050b0ab559a26,郏*,******1999********,747****7329
l*************g,e6c395518b570e0b59ea1a7cc66c8d61,东**瑶,******2018********,749****9121
s********m,c3950812cfbc309caca301075ea3cbe9,蒯*七,******2019********,749****6348
f****g,8415660048ae54abc1b82373f5bc4920,充*,******2018********,799****6718
z***************r,ce49ca7924a4cb01028e15fb1c383bd6,戈*儿,******2014********,753****8395
a*********w,22c75ea1cc66f39626c957dfddb25395,冯*蓉,******1996********,782****1076
l*********i,5871ae65b78b19d563a8c1aa5192e959,陈*丽,******1999********,756****9681
p******************g,e0b54560e1db0154d45f1cbff5cc8b66,陶*,******1996********,781****0426
w****i,6596dd9f1d586636723014c491deb06e,蒙*童,******2006********,750****1897
l***************n,61aca1b3d293b866c9e7ebac08a79de9,弓*,******2006********,731****3847
n***********i,0267914dcf4198a0c03b60414cab78b2,成*玉,******1972********,778****2048
l***u,a2960b394c5f1a5d14a092009cf5a29a,茹*,******1998********,790****2843
l***********************g,650b29b2309afc3e257d3f275ea69ffb,龚*彤,******1980********,795****7932
y***************n,b89dc80fb627dbdcfe7d8e03876985d8,郁*,******2003********,756****8418
d***********u,56bef8705c0f3e3be2185b3ca2aab8a8,郭*,******1976********,780****2816
y******************o,3a665ef4815e67e25eaa62ffad36da7c,巴*,******1975********,736****3443
l**************n,60101b5173595b9a8c6c76e3497e1306,农*,******1987********,746****6723
h************u,a6a7c0ce5a93f77cf3be0980da5f7da3,璩*,******1971********,734****2510
l**********t,4ba7fcacce54cf190130ee72f6454926,阎*凡,******1980********,731****5965
x***********a,361219fb317e3a59fc1e6d40f3c23900,濮*桃,******1994********,755****8658
i*********C,c023bc0f91e5e6bb95e82c9254540433,白*嘉,******2016********,730****9729
r***s,e389a212c2b3beb2a9a00ad2f13b8c2b,幸*岑,******2004********,756****3279
k********z,166450042d16bd4a7c19ea7f02bc067d,卢**彩,******1997********,758****6000
i********n,f4baa09e4da57c98d2a4f9e25bf85de1,束*薇,******2012********,745****9224
c******g,199c955be01d00d4c25eaebc71ab25f0,逯*秀,******1992********,739****1409
z******n,492a58f8221c24c75a35b12f8fa3ee1e,冷*绮,******1999********,782****7611
T*******************g,c619a04a7ecff14f24901075b4701020,公**洁,******1980********,747****5288
N************f,c97dd5591fd2edbbed2ef83f90174b6a,扶*,******2004********,739****5084
r*****g,aa0aac5c40472fd7bee6b8d4a821c6e8,古**洁,******2009********,772****0194
f***********1,64080d560172f894af6e85dd75227694,东*稼,******1997********,746****0186
w************g,3e45809a8b36d7647f3878cbd8f95175,闻*,******1992********,791****0387
T*******************g,e86ab9acdc3964d92beead21c5427a7a,董*萍,******1993********,786****5466
r***p,fa51cf53fffefbdaf40759afbb8caedc,公*情,******1987********,753****2470
r*********e,24d4a3a26807f9dcb746b9fca3d30860,师*,******2019********,786****4196
z****************************u,5eedf5c96cafa21d0c71a9723ee67872,公**穆,******1995********,738****0449
0*****A,f35bed28cdc6c47f0a2e83e708ceb0c0,阴*春,******2020********,750****6294
w*********************3,39502d8f5c9852752c00f47044b701ef,石*巧,******1993********,751****2221
l*************c,c18b3eff03996f3a203f63733be03d15,伏**宇,******2000********,775****3306
z******************7,672c12f90b314f603dc3c85364538d42,公**乐,******1990********,740****7068
h***************u,219f36c8b86e8a38fc005265f8f91898,蔚*霞,******1987********,771****9481
A*************r,9e428d84d969df7a230fdb81cf9a770c,贾*懿,******2014********,756****5403
m******u,dcf031e5161ba3f34be79d70e8e2d88a,伍*丽,******2008********,734****9954
l********g,8974ff915f6644e71de195ec75f868a5,古**逸,******2005********,773****7068
X********x,6543db5be4786bf1993828a8c958504c,齐*妍,******2020********,733****6910
s********t,f565be05a94884d034d7ef64e995d5a8,元**影,******2006********,731****2841
m*********g,3a15d2b89395fa1ad11429e871ad1415,公**福,******2016********,755****7578
V****k,2e6c8bb261f80af78e9775b7330a5c6a,时*嘉,******2018********,782****7979
W****n,7c80744b30b7eed947825c78961ed87c,和*彤,******2012********,759****7439
z*******************g,7e69f9ecc8a4c1de1230a85c0c598246,邵*,******2002********,793****1785
d*****s,c2610f901735286e712ef0a11df1535b,宦*人,******1985********,778****3846
c*****y,5481b2d45594e27952d542f55fc65817,丘**蓉,******2015********,755****2803
x************s,c650002bd7524761cc6bcecbfb1cab36,尤*烟,******2010********,773****4219
e***w,84360a977c722d6ac7b3c8be5e07219c,丘**民,******2013********,798****2248
m****t,a1006bd3c82b338c420e2eeff33cb89f,程*,******2012********,732****9239
l*********n,4abfa378f09edd89ef7ea9a53f5b7aec,戚*玲,******2014********,748****7369
r***************g,16c15592b574e9b4b3e436b3c856045d,余*芬,******1999********,749****4842
z***e,7f9723ee0b7c7c4665428fbc5e0a1149,蒯*博,******2005********,790****2888
l******i,5c2ff836e1061f8f13c03f6b725f39cc,牛*儿,******1990********,789****0465
g***************g,6038ba96bb568bb592553195054a9c57,古**楠,******1999********,775****8659
b****c,6d9430a79bc4789d7a9fefdb05759380,蓬*游,******2004********,772****0777
l*****g,8b4902f76897690e48f4712b7ffc1d66,牛*,******2015********,757****9466
w*****i,056d06cfe59f3a73ba93da248d0c7ebb,严*茹,******2016********,766****9481
l*************n,0378a45ee12c95b9c9061a8b894d4cb2,公**曜,******1981********,793****0103
f*****o,9f33ab3e2eb219b42b1a19edee83af83,雷*城,******2001********,783****8681
T*******************i,cf9c852b69a0228d3567781de7a59cb9,衡*蕾,******1978********,745****9342
c*******************s,09a11b49dee4d76f791a43a8e46cbce9,彭*,******1983********,739****9276
w************n,ad4750e458226e626489e20d434966fb,卢**梅,******2009********,798****7771
v****************n,931810435ac7336be1da4f785797e14b,丌**凡,******2005********,796****2787
w****e,51cf08a99f67c60d84f5d08b777e0f70,叶*波,******1981********,753****4227
3********p,d13844d7c460a001bdd887f4c56eb635,臧*鸿,******2007********,736****9396
z***********n,8a50d1dcaef25eea529e917a1f3c6d63,温*怀,******2012********,738****7986
l*******g,92702ef6151d0491c2962033cf864799,东**珊,******1995********,756****1359
r**************g,5a8df8155a74aaa281f3b87cad20d97c,农*同,******1972********,791****8719
v*******c,8397d32d44082ef43c138987c2f396a8,公**蝶,******1981********,777****3671
9*******n,15b22d5fba7562b3ecb485c71ea475b4,茅*文,******1996********,752****3368
h***********g,226497f3f421753c3894863a4cb25f75,东**泽,******2012********,753****4527
b***i,04bee3f5e9d512955dbe0f20d0e28395,巩**语,******1989********,740****9176
z**************i,97304531204ef7431330c20427d95481,家*雅,******1995********,755****1785
L*****L,803a0df70986d35cfb4095fdda4635d8,阴*杉,******1978********,745****2144
h*****e,bcaf67d65f82645360813035a6dec0c6,信**柳,******2016********,778****7211
l***************t,b532de2782233f0ad8f6940fca76f689,南*庚,******1991********,777****2241
l****************e,01c96beddb172095388e43835bdb7145,合**烟,******1998********,789****4395
r***********n,cb4421cf46fa9555bd721e567ca2f4f0,王*荣,******1970********,757****2983
p***************i,a1c361ded5c44a394af381faaf6d1752,祁*荷,******2020********,776****6579
l***********D,5e0fd36a9fb669cc7b7f1d942a2b8cd1,廉*爱,******1996********,758****3036
l*u,616c60771288cd47f70230875e60e087,禄*清,******1989********,788****6581
c********g,4e9c1d837a90221c337e54618c8e4e56,丘**雪,******1996********,775****6783
r*****r,784ebc7877711442a5271f5cf3e39005,汤*明,******2019********,771****0414
c*********************n,deb49d6c875b7287da3c717c079a2b5b,弓*飙,******1989********,772****6158
s********8,7b156bf942f20c70e77abb3f054c9340,阴*云,******1979********,733****8345
l*******************e,2cb3c84fa2c96fe235ead1a5352ed73a,越*,******1995********,737****2859
C********q,767e5b92042fe563d30d673f2a036c61,毋*洁,******1996********,776****0489
s***6,ef7ab40c5ca0f95464b4858551603e77,瞿*菱,******1990********,747****2364
w***o,de39a7b477bda27de355214e396813d5,满*轩,******2016********,789****7426
t****c,5f4acc06cca0d232397034e19f79bf07,万*,******1972********,799****8609
c************o,f5e9b08ba6dad5ea9f1064a694d7795d,公*越,******1984********,746****1536
H**e,7822f80ab0a895e8a7d104515492fa27,左*倰,******1988********,790****3667
l**********r,3fee5f156ad602bc8d6587917a1f28ef,公**泽,******2000********,732****3815
c***************p,97f37ab4d70d900f61caeaa1353c1262,公**帆,******2006********,734****3350
7**********g,383d1fd065488aa837e2f72563c8056b,莘*羽,******2004********,783****2556
y*****n,a13d03bff2424d0201faabd917b19827,阙*竹,******1994********,740****3552
7*******l,d7ef3364a49eed6d959aff211282ceb1,陆*芝,******1999********,782****8807
s****************n,d5170a3e24af791ba3d674760619fcd9,充*简,******1986********,740****1365
g**************y,1ab4abf78a5cbac8a3b7103b590e9b9c,公**晖,******1977********,793****7692
p***************g,3dd6339601f1e4a42f66ff13d4cbcfc4,工**杰,******1992********,791****7425
s*******w,323732bd5263c0aeccd040829c14a4ce,函*画,******1980********,746****1516
l**********f,deb7af211fa4414c6f583b45690901c6,单**璇,******1976********,756****1864
z*****n,15b262be4a2c11abb0fee93d4d4cef3c,钱*泽,******1994********,782****4793
l*************n,71c92767bb0adb15847fb42fd356c9df,连*文,******2007********,751****0080
l*****g,9c51fffdf4228dc3bfe06aa5626cd49b,屈**奇,******2005********,778****0192
z********r,10ed2ed98d9eb7ac6cda63b56262a4b7,聂*,******2001********,783****6236
l******************n,750379b5926e9f728aa6c253d37e3792,公**艳,******1981********,780****8367
A*********e,f1de120340181ef26b867b58bf1da80b,蓬*,******1993********,791****6079
H*************g,ea014e46980cc820176cf9701646d60b,暴*容,******2019********,776****0000
k*************t,9e9d0d9a3f41a850102c3442de37f968,东**容,******2010********,785****0401
t******************g,e4a1565d6aca3eb9003e5219cae6cf27,祝*茗,******2002********,785****6389
L***************n,bc3dc83bb56be07e135413820955aad4,东**福,******2003********,788****6712
L*****3,32e1b88d83c23828f861781658b708c0,范*华,******1989********,771****1469
z****e,9d1bd3ab0f4aa48951783570525b5946,昌*成,******1999********,738****4316
w*********n,6d8e34d71da8ac69396a860a6d25675d,隆*晓,******2017********,757****8752
m************g,58f3361814ba559f9eac265defebb112,连*乐,******1991********,747****8553
j********************n,c1034e880e86d8223921c694ee1a1089,仆**政,******1980********,740****2795
w**********************e,cf1b4fcfa0292d40378f62b1dd4f9eb6,昌*颖,******1975********,777****6689
c*************o,6f83b1a5ddb622e02cb8faa2e2c66c95,倪*,******1979********,799****1258
l***i,c9c5e89f6cbbcb1f78476c3bcd199de7,公**芳,******2011********,759****9693
w***************g,0da3b587a391c3e73adc7fcad8383549,游*,******2009********,731****3306
P******u,79544f44f28afe10bcb9261bad17ed14,公**跃,******1982********,732****0452
c*****i,cd3de8bef2c8599ea13c8bfced1587f0,连*阳,******2009********,798****1988
r*****************a,c7bf8f4a628f516523dd7c110b986f62,段*,******2019********,758****9049
s**************r,2e8d3751b251395adc97d1716c7bfc21,邱*诚,******1973********,750****8754
y*********e,d81cdeef190ee09976a30dc30acb7b6d,公**拉,******1998********,775****3769
z*****u,bc77169033e8b14d4c14f52b2f91d3fd,计*夏,******1970********,752****3602
y*********s,2983ffcf306944bffc34b8e357abddbe,杨*,******2016********,730****7538
l********e,217f031271381c9c06595207e68d4583,幸*,******1970********,733****8765
e**********i,127abb9150213b16e81764e245c409db,宦*,******2008********,734****1253
b********g,12d06f51403c17970b9672a5c7c9a8e4,石*心,******2019********,773****7138
X*****************1,4c00d3fa983398423b3875273006b171,魏*曼,******2000********,772****7770
o*****************i,7bc1dde2d22c12a7968355f3e077ef89,公**琪,******2015********,758****7195
j*********u,90b0e360660d78d744e024ba982fce20,孔*,******1992********,758****7962
l*******************a,c9571aedeaebe77e1e10a99cf8748780,邴*梓,******2008********,791****8267
y*****n,1907c51802182f3a14bad21e8e1cba8c,程*双,******1977********,795****3210
P*************n,74849eb9bcd0baf440d1fd21f92f626f,易*彤,******2007********,777****6827
D*****c,5b5595fb84e66364f5b518685aba5e18,黎*轩,******1987********,749****7615
C************e,71420e7eb75054fd71751b54da57f992,厨**绿,******2015********,735****9979
r*******g,13e384942ce66a8a41b587c08936cd8d,雍*轩,******1992********,777****8119
l*****y,96ac9a11d94d8f982ba476aa4b5ef503,章**晓,******1974********,733****9138
s*******k,8803ef70161ef9d1110735775791f6d9,侍**禹,******2016********,788****9197
k********d,ef4a678e9c8268a479fb2936955e537b,邬*,******2011********,736****0947
t*******W,7c8b820880d5ef16e7e35cc5dd8413e7,殳*畅,******2011********,731****4481
l********g,fb9bca28e6e6192fd1affc9c20a7fa9f,盖*珊,******2010********,753****4040
R***************a,bcdba78974860f43671dfe43145df697,米*志,******1994********,795****6374
c**********s,243817cf43094a7bccbc8bca7881afed,卞*卉,******2013********,783****0051
w*********g,c1a23116461d5856f98ee072ea319bc9,师*艳,******1992********,756****2676
d****l,39b078a9e0e7ab60913d5fe9abb5f707,酆*洁,******2002********,767****7336
l************e,9fabb7fe1e4ecf7a4fc7647946c0a039,王*南,******1994********,749****6894
0*x,1ab017b98e0d01a6622eeee8ca7a1702,李*尐,******2010********,730****9287
l****n,feddc68fbe4b523bffe0ca765c4ee7b2,胜*伋,******1989********,757****2372
R***********m,be4bdf5b6aecf68e14554fa9dd9c1d0c,晏*,******1987********,767****6850
S*************y,2e1f17104fbb36b97b96229daeb4251c,厍**茂,******2009********,758****7202
a***********n,1732296367267dc17aebfe021a8d9f19,公*香,******1973********,735****3768
y******************s,3e75360d64b09977edc336a8ed9dcccc,古*,******1982********,732****2283
i*,a88fb7cf3764b9b02f0332d1e19a928c,利*月,******1972********,750****5463
w****************h,e3c954cbf42f4aab1c3a86e259a0f239,焦*然,******1988********,758****0747
w****************n,ad7aa3576f789228f011df4961c4081b,巢*致,******2001********,774****0907
V***********c,965e8c4361a1281a44a0d0e76e00b15d,丌**蕾,******1972********,799****3159
l****i,2cf42e67b17a329fd098f4c4e8866bb7,郎*,******1997********,767****8482
b**********e,49dec5fb8af4eeef7c95e7f5c66c8ae6,李*心,******2003********,755****4776
M********************a,343b1c4a3ea721b2d640fc8700db0f36,双*澄,******1979********,733****4319
z*************t,d13f4ec6a28aa8c0301e18daeb6ccf5c,中*荷,******1980********,756****7511
p************a,b49fe33a2152c077d827c0d3db7e68a7,古**霞,******1982********,781****7032
w*****o,d911e1faf084bfd8a159a8727a593476,司*,******2009********,771****3331
B****d,882d0f5ce6bb5ef7032e62c85f62529c,侯*纬,******1976********,787****4324
w******g,5277bc8328c61768994ff3c0825ccc1a,公*骄,******1975********,756****8832
q******r,bd9c5186ac55cd376809a7f7e4433718,侍**博,******1981********,767****2176
t*************k,e20c6c9cbe85092c078f02dd93923d6e,仉**苏,******2005********,755****4147
c****o,644597e2f56d339c8fdac3a9f837194b,卓*,******2019********,756****8945
c***********o,0c9274af68772f89067e8cec5880fa45,项*若,******1983********,734****3925
a**y,0fb26d86902c90777ee5661ced883c67,左**志,******1992********,773****1761
g*************u,593be77e62a1bbf91f488e84c3cd044c,屈**富,******1970********,793****9739
b*******************o,96781653d472194cd4f27737e69d3082,公**梦,******2008********,736****6606
j********g,5970cde8d3b87a369b612efa6fcea957,毋*彤,******1995********,753****1010
m****6,bb4b80b7e49e1423bb0e7f89387339c4,景*曜,******1974********,730****5865
0**0,cde708aff7e2feb2c6f61c473ce23a60,冀*安,******2002********,730****3306
l*************t,04e6fefb00865cbff5ce19d1c0268826,柳*,******2003********,746****8552
D**************************g,64c7f214c6692775ad5b40cbb8687c19,付**平,******1997********,752****2910
e***********g,a66abb5684c45962d887564f08346e8d,秦*柒,******1981********,776****9364
s**5,4df8ba88401ffc2c2b317bb08c51b645,陆*,******2009********,739****8673
z*******g,6cf22f9652ca7cd688f055929571f4e5,公*旷,******1995********,772****0927
z******n,7ffe7113e626549cd7c13cc93245ed67,公**壤,******1972********,782****8460
l********k,6fed9df1d79e49e3ba56578b899d4d54,劳*妍,******2006********,784****7575
n**0,87c03e0be3719bf7c6cf9ee68b808541,乘*启,******1982********,739****6303
l***********g,0990912c4cf71f20f7ef296c1ace9b9e,叔**璐,******1972********,736****9037
r************n,a08ca16bac2066c5595b8a307fe87bc9,齐*,******1976********,731****9595
l***************r,729c8beee572188b5ed13df6f3eaaa2b,简*露,******2015********,780****3771
r***************e,e4aff8809568ca20752445e9175d08f5,明*,******1992********,749****8852
z*****************n,4c8b1969738640bd038d2e7a9c4dc015,戚*,******2008********,799****8426
w***********r,e0d167729cc3409deca3cd133a46d00a,赖*,******1981********,788****9800
z******g,39cb2aedb31e272de1d75572494f60e1,云*赋,******1988********,773****6381
M****i,e3aef96d8f6744e044068eaf1bbfd0c9,厍*瑶,******1970********,785****7910
l*******i,e6b9f880236ec4778d8e53f63bb878e1,毕*德,******1998********,784****1773
r**************d,efc61956f36eec4ac42e1ceab8af129f,东**和,******1983********,746****8371
l**********i,2b4643a101c9295790cb4c56317335dd,公**丽,******2003********,772****5450
l********n,89706be62034d1986d186c2d52d28170,褚*语,******2018********,734****6281
z**********y,41bf64db208fd7a2ac98493c5de750c8,元*,******2012********,735****3528
b**4,f5e8344b9076c9aeb421b1616e771d06,古*亦,******2020********,748****5782
g**********g,8f80802941a7fe519abb835763282b44,从*乐,******2016********,781****3163
z*********n,b32347823fc3db67de124ccadb8f1cc5,元*蓉,******1974********,745****7594
i******s,1da53e81362b3bcfb27428750e44ddfd,慕*,******2013********,780****3587
d******i,1c3d17ede644a4d51c8dd85a2591ff5b,暨*润,******1990********,733****4261
w*****o,e7fcd35a5fa8f3d4c7efc5a2d1411bfe,须*文,******1976********,773****7075
z*********n,c7306e0873225f4bb2ba3e7a1c202071,廉*,******1977********,750****3633
w*************c,0a74de75331ea233ae88fd758dd1a6af,公**诗,******2007********,780****2240
b************g,4ce25a9d8d4abe4988da0b7a7ee60e44,卢*和,******1998********,785****8204
b*********************c,56b7c8474e1dcfabb814bde3279d58c4,石*霁,******1990********,745****9365
S**t,90318e4d031244f9b9316d1fd85f9acc,汲*淼,******1994********,750****5988
L**********************h,80760a1599459859739b2a56f38d3e84,古**璐,******2015********,786****5292
z******i,bf3b2290e229da2ba272a81c602ea88d,简*实,******2002********,799****1109
w*************o,c44aae02d601a2f8489d68df614b7e58,秦*,******1991********,799****3348
z***************g,b4a125268cf864f8e493920c5f2a8cac,庾*菡,******1994********,767****1327
N*****a,2025c40062c606d35ffa869bbea4d0f8,罗*翠,******2009********,748****0554
l*****g,e99a18c428cb38d5f260853678922e03,中*梅,******2014********,730****7324
a**************b,5c33c411b2c93e37f625aa111b675fe2,岑*洁,******2020********,785****3479
y*****e,e2d145d288b9c78ebeedbb4890f65987,文*桐,******1987********,793****1276
j*******************n,8b168bb7a600fa1135e4ca50bcb46c7a,胥**桃,******1984********,731****5312
C**************g,311e6dd168a094e42dc0eea84bcbeb08,曹*霞,******2005********,740****1749
l**********o,695e8de3f7f708d90bc3a8fe8b34ffcc,廉*,******1995********,752****2998
D**********g,a40a9d00f7e3dbd9f4bd1a5106852b11,钱*卉,******2012********,793****6725
h****n,ca8da64687ae00d7e3fb19b36fde0d4a,公**娇,******1994********,730****3994
l******i,b852c690ea11f234f0d0b103954ba47e,公*圣,******2020********,751****4020
c********************g,eabd8ce9404507aa8c22714d3f5eada9,蓟*霜,******1975********,751****9429
I******t,2bed51d15a4c084c21d8366a35cd12ea,公**蓝,******1971********,796****0722
s*********g,c710cc293b9015f1f3216dc64272f196,仲*政,******2014********,730****7874
i********l,8572a995f70b666e74de63829aad9ed9,丁**春,******1971********,789****2845
t*****4,1ae290ad042d3158f011b35a5bf69391,公**枫,******1971********,755****9063
r*********y,664b6762b9b1a6291b3e7efa8f1f0c71,毛*柔,******2012********,785****4639
o*****e,05ff1b42db3ccaab3522bf3fb37ed51c,景*彤,******2005********,788****3186
d***************r,aa787bc9cc97ba5d27cc042ecffe1489,工**美,******2019********,737****8468
z********g,593c9b4a9390551d53e5cacf28ebd638,扶*翮,******2006********,752****3286
l******************7,9e03025dc67d0ee785dd0290f0d3f3ed,端**七,******2001********,767****1699
k****s,734eb6a16b1d62985c0adf880ee7798a,屯**琪,******2014********,788****5271
S**********b,14fb6d7be4c5b5ad74d2ae5f589820ae,郑*心,******1984********,775****2192
l**e,4fc3904678e9954108a70c2f0a3a5eaa,堵*嘉,******2006********,796****5596
z*********t,66322a994da9a70bcffda9b096bf60a3,丁**然,******1982********,766****3639
l*********M,927aa7746592f788d0f167b262bb9b9f,董*言,******2019********,738****1392
c***********l,b5ad507f917e8bc37f302c3eb06cbaea,李*,******1992********,753****0882
r*********g,4757b128bd3a5accb0a568d84e875782,南**熙,******1977********,796****1785
s****i,10b82c0249b5f42c5f8af9913103377d,徐*和,******1993********,767****2657
z******g,efe6398127928f1b2e9ef3207fb82663,范*娉,******2005********,788****6808
T********d,403ec9c6f5967333948eabebe06a75f5,弓*妍,******1989********,773****2068
z***********************w,eed50d3cecd0c41b29fff87df49f5ace,甘*画,******2016********,750****8015
A*************C,39e2ab9dfa3a97500a586d58fd05b8b7,党*美,******2019********,750****7113
a***********g,9c65df797df46003883e7ebac9676f18,充*桐,******2002********,734****7667
l***********o,785b63867bc2758acfe170bbe9e9d8b1,田*,******2005********,767****5882
b**************g,911a80801b839b553f0285d646fc43a0,养*洁,******1991********,737****8982
V**************u,2a952b5c2fff74a50734580488a24098,明*畅,******1995********,774****7896
S******F,033c91317f9b6795106a825cf8ef773d,公*爱,******1982********,776****7957
w************v,e11cd49862aa6bdd838036f637edabcb,丁**文,******1976********,736****5822
d********o,82273a6ba2126d3af24ce2d0cb0af515,章*禹,******1982********,777****6479
z*************o,bf3956079aeab527d0c577764667bb6a,岑*格,******1973********,749****4770
t*************g,d6f9431dca4848bfb53d4e6431464b04,姜*霜,******1996********,747****9653
t******g,7ce7388a208634f0941415d4196345ba,禄*,******1975********,738****3262
j*************a,97fd7602239084c207b4f61bcbe51a74,靳*柳,******1979********,753****7905
l****n,675c86a5147730553288991cd89a9d9b,司**元,******1977********,786****5849
p***************m,1b33494611ad7ed536e656c01d8d4e3f,习*璇,******2009********,781****5001
a***n,54adabf74d656a66f9e60a81b1bc7ad0,舒*冰,******1992********,733****1144
e***********a,743870f8f5f4fa8dbc5f821b758de469,寿*璇,******2004********,766****4460
s************************************g,efe9b2e1bcf546dcc325d55f7036b330,扈*化,******1977********,785****3057
y**********************g,88316675d7882e3fdbe066000273842c,堵*荷,******1979********,747****7129
w******g,b005f21fada7b738f904c92085517810,鄂*,******2013********,746****5048
z*************u,2e20bb8229abedb58a326ac12598e787,巴*娟,******1993********,750****7455
j****n,d0f953a1f69afe0b3a4049515c30a2df,严*柏,******1990********,795****8809
c*************n,2f685364000c005b2413a1e0aae83d0e,东*冰,******1989********,772****9708
n****************c,a2f6cb9d2efe77267f7d25f37ce98f49,古*歌,******2017********,775****2348
C*********s,b2def54e962859330f58b860cbc5e2eb,仆**琴,******2016********,737****0299
w**************l,b41779690b83f182acc67d6388c7bac9,中**宁,******2008********,756****7404
V*****z,cc077e4074d58b5b3afe96921b220364,国*儿,******2019********,737****8613
h*******y,9f8918764116a5ffa82a5113b96b1ca2,蒲*妹,******2004********,793****5686
b********l,d27f21b2652434028968afbee62ec399,康*,******1978********,749****4577
p**********i,6b2244ecf5881e4aa6d4235d16be7b48,贡*蓝,******1984********,781****9469
l*****************e,4dfbef7d6fdbcf46f289a8390f7d9cc7,厨**琴,******1975********,758****6530
a**********x,b14e022efe86e4fb58bcce93ccb25156,公**文,******1978********,796****6736
C****s,8f2576ef459abf2f2cd40852183ae3af,芮*思,******1979********,738****8484
l**********n,894097db8659545a326dd22f47ac2a0a,籍*,******2001********,731****3574
w**********y,4c56595880536342e8312670012fea68,鱼*荣,******2004********,778****5793
h******h,a627d380867f665469e5feabf4328974,夏*,******2005********,793****0118
C**********n,c7e973dd3de60662aac9521940aef082,伶**影,******1972********,778****4315
c************n,b4e6ad0c9ac5179b93fa1fe648683d00,湛*玉,******1995********,774****3783
P*******r,6c198559bd13bb852ea04b766f090f20,曹*愉,******1971********,785****0576
l************a,800e562a806cc7c353ff66ab5c987e79,侯**卉,******1995********,786****0068
c*****************************a,4607e782c4d86fd5364d7e4508bb10d9,付**雪,******1973********,777****6306
j***s,da7350f3d110d4c3342ac0673b173a15,公*涟,******1991********,750****4346
l*****************n,bc86043b59b2791c842f62768eebdb83,耿*,******1980********,798****5534
s*c,4479cd47ae84b4b6a85bc07877ab6c80,函**正,******2017********,755****0813
l************n,03f1a47afb6ce1f41832d5c57eae481c,公**禹,******2004********,734****7501
l**************y,0f7e44a922df352c05c5f73cb40ba115,鄂*华,******1992********,749****4163
H*********n,28785566f1079425af766362acdac8ef,崎**琴,******1977********,748****5400
p***r,df8f09c615ea51fd8d7d162c1eca7689,宦*,******1987********,796****6743
S******************g,d55d7dd75fc4756a8e236a25372d65a5,堵*彤,******2002********,783****4857
j*******************g,a47f649e25dfeb54341230b5cd9efc30,甘*穆,******2013********,745****4621
P***************n,f9973c8ec5187e9be615c7d3bf11651c,东*娥,******1982********,767****2746
f*************s,9b260ac3e75b7c449a608e6943e3e749,终*德,******2002********,793****0220
w****************p,c5e95dee82b9a049b9d13057b4a4f239,公*姯,******1986********,755****0519
k**f,59fe77141e288295caa7c5b9db187157,辛*华,******2007********,784****2867
P***********g,495c6eb0ca4340b7d6ff116cc3166fe1,党*然,******2013********,767****6481
z**********u,e7baa081cce070c869e714473c60f245,劳*洁,******1979********,778****9063
y****e,423ffda614ae2e824c42770f5cb85d32,冷**波,******1995********,732****0707
l**************y,93ba1dfbe78620a82860dd8984ee4c3c,逢*春,******2002********,752****1873
s*******************g,2ec2ffd4304f99e3bfe90bd6d66a6b3b,顾*云,******1996********,785****6484
Z***O,485ebc1757468df1efbb0afa85aed55c,仲**莲,******1989********,787****7666
z*************m,3db4ae074a82572f3023cdbabb94a20d,车*哲,******2002********,777****2920
z************u,fabb0d5834fdb24baab9f1ef1598fdd9,吕*,******2008********,751****8055
a****8,5996c4c3ceca2b93f9c0902547c245db,端**靖,******2006********,739****4159
l****n,f7121dda2605a80aca6aff11fb3e1388,华**彤,******2007********,788****5891
L*********n,ba04738132039dea6794af3e0ac680b7,胜**春,******1997********,751****1840
E*******o,97f2a0207ae75c724a0e13e8e425f84d,苍*玉,******2007********,783****6746
g******l,881238281b9fe172d0d1bf17ea4ccb38,幸*然,******2018********,731****1029
s***r,2b900b64dc8fb8e547a21ceec1063254,国*,******1995********,775****2623
f****x,0d3fa20afaeb29be1f9519372eab4f1e,成*妍,******1972********,772****0598
h******n,355ac3fa29d8a9c8279034a0bd624fca,古**儿,******1974********,759****3329
z***************g,bf3230bad6da2595a85bf99216531e24,水*,******1993********,789****6027
m********g,1f4865e88791528f9b0237c2606578d9,袁*民,******1973********,739****4185
w************o,174bba7cce2021154f25b221edec8b33,关*轩,******1996********,737****8560
l*******n,c73226df7410fa0ba029a77f24843f6d,于*,******2009********,756****3309
t**7,1e1126ce2895a313189f3c22adc52e2b,闻*天,******1975********,740****1916
p*****a,14ee22eaba297944c96afdbe5b16c65b,孔*,******1978********,750****0325
l********g,e5ae28d96f6d19664a09e6ea1c5ad6b5,京**梓,******1989********,781****6132
S*********a,32a75ef27f5c4bfd2ce492f43b5286a6,晏*,******2013********,798****9035
T*****U,84eac5354d7bd7b9af1526e54f712cb4,乐*敏,******1991********,731****9240
y**************g,a00e4c99c95351a7d90026d8d8cd52be,祁*,******1999********,778****6695
l***************o,5e965b39e28b2c67d635bab78b771798,周*平,******1986********,759****8023
y**********5,0a76a3dd99933774990fa55a72dd56ed,公*冽,******2005********,748****3060
n**************g,e198d7381dc06abcb9cb799f8b7e280f,厍**晴,******1982********,737****9408
l***********e,686f065200f2a4dde838be3e08fe56bd,后*行,******2003********,753****1334
S************f,13bcb587e7b0eb8efc0eb5aba404774d,终*扬,******1990********,734****3659
v********o,2abb6644ed846e82f07302d40a8cb98d,桓*愉,******1977********,777****4920
w********n,fbc3871ec6870718103c5a434e12122e,郏*婉,******1987********,739****3611
t**********c,f415690b3c8b6e3d94563974c5763401,侯*彤,******1991********,787****0551
w**********g,9234e2174551909cff35f5bbf8d44c43,彭*雯,******2003********,747****3881
C*********l,2c808103e7133420afd1b5b0d6fd8080,东**松,******2007********,756****4805
Y****************i,b5b39eceb43321087d967661f53bdeaf,左**和,******1982********,745****9207
y****************g,3e202c698bff44a1e0bbe884b48bd2c0,何*夏,******2002********,772****1919
w***************m,53ecba42d77e20dfaa2cb6b7ad882028,殷*旭,******1989********,780****8104
l************n,892864410b6f67549733cac23d5be560,邱*宁,******2014********,767****8522
l****i,ebc5380b3c7238daec46d6fd432b1c9a,单*部,******1974********,786****9622
t*************r,9e6f2775f222c5ec1171350b2979a293,充*郎,******2002********,777****6971
x************y,66fe2b25decc3387da8dbbea4e1a736f,崎**阑,******1994********,746****0707
w****a,d607ee2d4c50003d8be71a7eda30d977,仆**绿,******2008********,773****8331
n*************n,35240e0ec5343f7c12c7f37590bb5de0,濮*天,******2017********,731****3041
w************g,bf7202d213785c2d8838ff64d0f71159,南**瀚,******1975********,774****2340
z**************r,761337f78489ec98c12a9c228a873e20,工*娇,******1974********,767****9993
m*****y,187fbe04c98eed42c036b543e186c29c,云*夫,******1972********,780****3747
c************p,7d66b8335e753045ed30e4502dafb042,王*美,******2000********,780****5044
b**e,730e61c788ecb94e168112f2ee775a5f,何**梅,******2007********,766****4788
B************g,08f38c371a6a02a43c6aeb30bc96c351,喻*菱,******1983********,783****9224
c**************n,1174db83a8efb9ebc188ad2d29708888,崔*静,******2000********,745****7353
K****s,362cc2065302d32efe219277b2925762,贺*玉,******1973********,766****3876
l***********e,c6fbe67ef384d48b606564866e29cb31,夏*丽,******1974********,793****8063
d****t,7e0bd692b387bd0a51360b2dff2e3d0b,文*娥,******1993********,789****8990
w********************e,20cac35ac93324f02bb9e2d518360b19,万*,******1976********,745****5006
p**************g,7988643c0769c6f1ce858770719a8ae1,能*珍,******2012********,757****4782
j********g,17cdbbfc9ba653f34a5ef9e8f86d7634,公**彤,******2005********,774****6990
s*********a,2cf6b0648f64120318710c417eb832b1,丁*落,******2008********,753****9738
h************r,dd44e1f924b56d28500577ac9112f705,邱*德,******2003********,772****4333
z*********n,938720dba676a6da10967a826824ca40,殳*福,******2016********,756****1267
z*******g,a783a14b85b95222d7ca081ccc551ee3,东**文,******1974********,730****6179
m*****q,7ed32b6037a460fc97a81c9e569d815b,习*星,******2003********,747****1094
s*********m,d371ed1d49b53479c5af247b50c7efc7,殳*华,******1976********,786****7179
c******g,641d1a89a84a5a7360a7e1263904769b,谢*芬,******2004********,735****1496
V******6,50885d07d90c069db1d13d2e11ef9864,公**轩,******1976********,753****0670
p******************i,5cc18d0b6724d9c5ab282575cb37cd47,公**翠,******1981********,781****6190
l********o,701d5159d651cfa6f680b0f64d071cf4,工*黛,******1987********,786****2395
l*************c,4018af650c73adc18217fb9126040c10,班*,******2007********,736****4174
c**l,d7af994f1f1ef8b5e3beb9f7fb139f57,侯**婉,******1973********,767****5182
s*************************r,faeb0867d83edcf13eb3201f01dbf40e,徐*芳,******1988********,778****4471
w******g,427634f8d77b41e6396bd08bb3317486,敖*忧,******2011********,772****8874
w********************g,8a5fcb6c6a5469eea05e20aeb831445f,毛*洁,******1991********,793****5118
p***********g,259a243aca25d445d29ace3446cac189,殳*杰,******1998********,796****8327
L*******************d,f0b692cfcb075181993f1859bc89b570,任*春,******2010********,752****3104
f*p,c41d3d39e53a7ce7515e4c2fe433a8f8,龙*怡,******2016********,778****0143
w******************u,6adc4122a7824407ffebcdfb1d22a273,华*儿,******2002********,757****5628
f******************g,9b024eddde6bec90bd9f4692d5490f57,禹*星,******1991********,793****9618
z****************o,55a1cbb1557c351fb1a42f18c1e0539b,庞*亦,******2016********,778****6876
d******************0,981b8a442618186475cb7391e8fd332c,公*鹏,******1980********,766****9998
g**************n,46cd120132dceff08aef63c15bef1fd2,公**玉,******2018********,793****9874
v***********s,33d4efcdfc021bc696b479c36d5f42ec,终*懿,******2008********,734****1253
M******p,ecba8979ce396f2dc13325f3a8505ccb,吉**咏,******1971********,773****3272
r***************0,d5124eecc69ac2a4567186230c707306,池*柏,******2018********,791****1561
z*****i,96b013233f13054604f681cc29fa23f9,出*仑,******1982********,774****4803
w***********a,d8cf34906d5ce53c5c2135045c41672e,窦**绮,******1983********,795****2035
l***********e,9d127ff383d595262c67036f50493133,巨**秀,******2011********,780****1321
z*********g,62f62b342379a23ae9cc5415ffc310e9,严*,******2017********,783****0582
c********0,511ca52e844a2cda454c805ec553dc54,徐*,******2015********,781****2135
R***l,24ed391887283c048fcd90478bbcca3e,屠**丽,******2018********,775****6299
w***************c,ab3e7a6116b667b1157b54711abab846,盖*音,******2016********,732****6181
o*****a,fb0952f8a8b26f308910423c73f47ded,易*斌,******1970********,772****3661
l****g,56a0281fd65d73f05cedd7d94bb561ee,谈*沐,******1997********,738****7001
l************n,483e8f03b3b51e80aa047cc687733c1b,向*业,******2015********,757****2569
r*************y,c200f6ae6b2366865915b71f39769e1b,付*园,******1995********,735****2463
r*****************n,e1567cde0a3fce092bc2969d191311a6,公**香,******1993********,796****5518
r****************i,23e13f651cd0719d60e7f8209cb6b8e3,高*伟,******1970********,752****7627
c****************b,9719618ed6bd156d2b9b47529541be8d,周*雯,******1996********,781****9387
i**t,f31de923ea972e5ee7c2af34944d1c9c,高*妍,******1980********,771****0973
l**************n,6846860684f05029abccc09a53cd66f1,傅*杰,******1987********,780****7959
w***************g,157ff0d404af9662826e9fa62a4fd595,关**萱,******2020********,780****6596
l*********g,55417eba04f5c232bcee045d54a7619e,胥**材,******1984********,773****6484
g*********h,e6aeb69d919be15a5e196523fdeda1b5,邴*,******1979********,788****8516
5***********u,4badaee57fed5610012a296273158f5f,公**奕,******2008********,773****1189
P****************y,2c7a6b051fa46476ee998c29ce82ea11,崔*华,******2000********,752****5005
x******************g,eced110fa1737081f2ea67d875118c62,蔚*懿,******1989********,746****3897
l********************4,3201ce45e9368ca971297072b151a89a,卢*凡,******1998********,737****3087
k******************s,e9b43e48ec060cb2975b277f6f994414,宓*旺,******1982********,775****7601
r***********g,ce70cb7a81d3e310dd48bbd1a2b9750c,公**玉,******2012********,785****0686
d********a,fe546279a62683de8ca334b673420696,咸*文,******1988********,778****7590
z*******g,91f49d4f7c0c0804a54c50001d51b85c,申*怀,******1996********,732****3981
d******************n,f932445c1844c62484c42e0a35899379,毕*花,******1982********,789****9577
x****g,293387d7f86c0adeb92f0b10bbc47a0d,窦*囡,******2020********,774****0895
C****n,fb41ae0c6cd1761f63ec499303de4775,公**火,******2000********,746****3361
x**************n,6126b05fef68920f690d5fac2f99330b,璩*叡,******2010********,757****2154
3**m,2c8cd7052c604889876e8f2d6928307c,鄂*夏,******1992********,731****2050
z*******************g,e070a42f40c73a37ccf0c7687eb20797,郎*人,******2004********,782****4948
l******************c,9390bc592efa45824e28ce0905e1e4fa,阎*惠,******2003********,775****6235
S***********n,b6e9359915b41b7537ebf917079d128e,钟*岚,******1987********,748****1817
V*****************y,0c88c488b8c6ef0e544a6cb1ecf14874,公**菀,******1974********,759****2437
w*********g,934d9fca406b0b53b660f10b11830937,甘**毅,******1981********,783****5400
1**********r,b6443e1a0c8c6294e5b98aa507442e67,滕*伯,******1975********,793****2901
l*******n,b1e4165750d81c662c066b5a812b14cd,滕*谨,******1978********,783****5536
z*********i,15dc6639b72813bd425b4570ffee4a62,党*裕,******1996********,783****1926
v*************n,da65c5b2d642042b579aa6f40dd27700,公**兰,******1986********,782****1100
z****************g,ec2268c2cc215e7f49ad920be8e46b44,富*月,******1998********,772****3586
g************n,1e1062f46c9d88cb6048cf52de216fb5,贡*思,******2020********,758****2835
p**o,9948b6b1625e9266d08d185e4916f3ea,南**勇,******1976********,751****6722
d*************m,9554532f99f215060a2f218707c71979,漕*妍,******2000********,793****7105
l******g,4fb412b55de1b8decd56500a59647032,吉**语,******2013********,776****0760
o*********d,5b5e26b3ca72e2f8ea8bf8bdea28d048,林*雅,******1995********,780****5888
1***********i,3d1b338a3b0d00f739c1f99536af0755,万*云,******1986********,747****0443
r*************e,4ea166877e4c6a59eeb091f7aa4d7cf7,厍*畅,******2016********,756****8442
a*********y,f190155f66a98596fe9c7dc2e7e41461,居*,******1992********,785****2516
a************g,84f58bfb1679ae4865621c1801b4e2e1,公**龙,******1982********,778****5764
A********y,72f6e17f54fca7548ba5235bb2c03c92,浦*风,******1971********,787****4477
z**********g,efbda4a0fcdf83b63b7225ffce97a36c,隆*,******2005********,730****4937
x********9,3a7550b0a697a00a8b2c7d0dc444ef56,融*容,******1974********,757****3996
z****************n,594bdb6d6bb69dde8c0d01c6f20873d5,计*畅,******2012********,777****5863
c******************g,56ab64c76a8ee148524e1772e3ae9173,龙*莉,******1981********,799****4074
i*,aa03306bc53104a8825d39fa8ac14661,章*木,******2016********,782****0790
z********a,62bd77187e8a6f972a9ac67ed734efae,和*,******1990********,775****1519
y***********y,c632bcd7ef2cf83e6a3ed5627008b968,郜*桃,******2010********,732****9439
M***h,6c3d878a43dbf58a311f3ff713b25fdf,双*,******2016********,751****0889
i*************n,c62d85ecef09a0bcb77d8e11d7ad818a,隆*发,******2014********,736****6628
w**************n,12c85a72519eafb307cfc5d0c64c6879,公*劻,******1991********,752****3573
m*************i,1b025782524e67264490118c4f98310f,谢*,******2013********,750****4307
l****************r,0bfc99c85398335c9f35fdde2425a884,富*思,******1998********,787****0093
x***********a,d281df11362126ad90ac2a60145fc6f7,南**美,******2006********,732****0758
c*****a,984cefd6d27eb0471fc401a493a4fdff,暨*,******1987********,767****7060
l******************e,f7a2d899cc786afbe2920dfb484927d9,喻*萍,******1997********,753****6786
z*******************g,0a20845bcdbfd6d5451fa36912a43ffc,晃*清,******1988********,735****8869
k************c,4a5646243bcd08246df2b9de16a8e54b,秦*,******1973********,799****2009
J*******m,ca6b48f157ebb0f3e9c8b04fc52e0494,糜*,******1998********,783****0168
M*********x,11df9baea40a071c081c0fdb149911bf,古**璐,******2019********,783****5378
B******b,597df071070b9a1b58ef067405376548,公**大,******2007********,773****2502
B**********a,ba023298a81d4db3e562ab47ecfe7df8,共**霞,******1977********,778****5855
s**********k,9c49fae5d84b6230a166a6b567304418,融*放,******1999********,773****0762
z*******************g,4a32d413e40a15c3a55fa09598e81ca4,殷*,******2018********,771****8289
t*****o,75dc03a4ff6da4592510864d926fe656,金*竹,******1996********,775****2843
l****r,99c00d1610cbba7ba966b699cbc317a1,祝*轩,******2007********,776****7312
J*****u,f0742e311be9787ba436b95bd554e76d,郝*叶,******1973********,786****4140
p*********M,4246b88cda1b43dd0d9a8e7177c06a28,工*桦,******1983********,746****4289
b*******************t,d7298fd54da857571c8763115ac59340,公*中,******1975********,780****4972
S******y,b8695aec0f5516a31331cf6333d18749,东**雨,******2006********,732****8756
z****************0,8e80b59bc73a1690e7862557d2323268,乘**芸,******1973********,793****5170
l************i,1066e4d35e8e6b866f44f12027836ba7,公**文,******1981********,746****7816
w************5,7942479fc257f18cc5d3bb195f619a42,许*祺,******1997********,757****1829
y**************i,42667b9ad177176a81cfffe42a656b88,殷*,******1988********,774****0235
g******g,da386262fc43337b16df20ace9eae359,姚*荷,******2004********,796****6341
y************e,37bee2db86fd7d8fa4cf701ec0bc99b2,公**嫣,******1994********,773****6695
z************a,5db986d9cc72f18bfd4238a13ba59c52,周*轩,******2003********,753****8310
k***x,49a430161bb233bc590f017125670220,水*翎,******2002********,730****3896
l************e,a136b4e456b4594196f49d4b4db82878,公*呤,******1978********,753****3868
B************i,bb16b553166c314bb3cc236620fe2ef3,怀*娜,******1987********,785****0019
p*******r,4973feca94f06f57ed8d5ce488ca1c05,古**荷,******1974********,784****5478
m****6,62ff264b5fa52aa752893a2ac51840bd,柏*英,******1998********,791****1098
c********************g,d5d43a5b061f1fdb2bc21a22bb884b19,幸*略,******1987********,734****2302
P**********u,e8f58703e621d57170300c2a79b00be4,史*雁,******1984********,767****1980
s****************i,25a6f815004cf96afefd27bf977df2ef,宁*容,******2011********,771****7021
z**********a,83b298fc9131cfc12f423707673025d6,勾*水,******2010********,780****3758
L*********9,9a30c64b7a24aa724a8be975e291b1ce,公*翔,******1979********,788****9151
y**************s,a4c42f75c6db5d651da0c213cbe8e55a,公**群,******2016********,733****6287
d********o,f0ed31502f5d1f206753a5e8114c87e0,芮*绿,******1981********,739****6478
s********n,cd11bffa86de3b79844b851400c6157c,空*涵,******1990********,795****8459
d************a,9f14579cd06fbbd2a877765f51431f70,章*然,******1996********,767****5537
l*******g,d9fd97fd565289c213f0f0ff99ffadf4,耿*荣,******1971********,784****0732
k**9,a8eb1d6b3f94251d98abb0866ec03970,陶*才,******2007********,746****3788
w****************g,304be330ae73cce7946b3322cc64501c,弘*峰,******1991********,766****0246
q*****n,20cc88d2e204ffa768509d33fa882492,景*萍,******1973********,749****2126
h***t,3e076897502fd85ee0c35c32e576ee09,公*凡,******1970********,771****3839
V************g,f63f4fbc9f8c85d409f2f59f2b9e12d5,党*,******2000********,749****6815
l******n,feb5baf9423f2d8d5bcf76d50d63fd29,后*山,******1989********,751****4372
i***e,4b259491000179df36f47cf5ad9f8e05,唐*柳,******1983********,737****7731
z*********a,1c4416d4b23fb789a17016e0e4fc6061,公*琮,******2000********,773****5916
b****e,8c570244bfcac548db56c8f8413a9cbc,饶*波,******2015********,766****8973
a****y,65162bd3e526f72458d884249d68bcce,石*资,******1987********,776****1550
l***1,a73c67da747578615d01753e48460b40,何**寒,******2006********,771****8275
z**********n,c63ccc1fe6b106e1f4f340f0154257b6,公**枫,******1991********,759****0694
n***k,e87b11697c1040524eb576b63079deb4,孔*欣,******2018********,750****1433
b*********e,abb144d1cb5c4aa4c869eea56bd5cd9d,富*方,******2018********,780****5796
l***a,2e4930eddaf2173d86cd049b9d853165,俞*济,******2016********,772****8699
L*y,6c8557114b3fcb5ddf804cd157d6a813,京**娴,******1984********,737****0619
p********I,215e67647c4923f2d6e17d78ebe32f72,湛*筠,******2019********,745****1976
z****************7,9aa4a2e7edefb8022bb2680c4a03353e,公*欧,******1971********,774****7141
s************o,a172c059bcb11e11891c449492ce2c0b,赖*,******1975********,766****5854
w************k,a24cd9b1124dc9d3e47e12a2470d44f9,尤*雨,******2009********,790****2264
D*****y,5f4dcc3b5aa765d61d8327deb882cf99,漕*谨,******2013********,749****8859
t************i,abbb7318d028e8467f582f845a70c822,丁**和,******1993********,749****3875
z*****u,cf502d84eaeee9cb0cb835aa293f6d8d,东**沐,******1991********,759****8944
r***********o,3cf91e2492cfef88522dceae21cda444,连*梦,******2020********,750****7260
z******************e,d6ef97f191ff1f1e6dfe257ee5d14d76,厍*思,******2005********,790****3589
l**********s,b51e8dbebd4ba8a8f342190a4b9f08d7,毕*萱,******1995********,752****2499
c***************a,3b3f3efa6e4382d867d77c4ea4e32f86,伍*蝶,******1984********,756****4756
s****c,50345be32c5eccd42aa05e4af81e65d4,汤*,******1983********,731****8876
x*,9c89c33d3d91137de8379d912c0ca9e4,冀*之,******2019********,750****8404
m************n,3f74ed1b90de7d06a51891228750fcb1,公*露,******1991********,785****0427
c************n,d8310199e8be277b166ddb2707d6bed6,巨**轩,******2019********,745****9355
l******************h,c5285abd05d46a954151ddf9b8128114,茹*柔,******2006********,732****2167
l**********y,a5f024946814ff46cf5313b8b3c3bf34,常*风,******1992********,730****6854
j*************n,2fdd1ea252ded299d3892499cc600b08,公**酪,******2013********,772****9426
S***************g,a1cd2b1b553b19c455c7ef79c881b071,富*仪,******1993********,759****6426
l***o,fda92ed378832c8e537059ec4288a49e,池*邦,******2008********,733****2893
g*******8,c41c3c779e3de94250936bce950423ef,权*,******1991********,740****0319
0*********g,f3ed0fc123fd42b2cb4063ca06e1621b,米*瀚,******1999********,753****3545
e******************4,fa5f6e5b27aef31b9b2b33b41e17bf10,劳*丝,******2017********,785****3544
z*********r,b170833fd213697f0b9fc95b1b7129fd,薛*,******2009********,781****7227
z*****i,6901f9054c0d33d761bce3c925e16965,鱼*望,******2010********,771****4349
K************r,7adfca2f2aba4cd301a02b9f33ca9037,利*嘉,******1983********,759****0265
0************n,b7b04b2a85411bd882b0167b0d6d1fb1,谢*冬,******2014********,777****6678
Z****u,c15ad16880502f98367bab6b8fc55fa2,俞*旋,******2002********,774****9167
j****************************h,f9cd90209ab8fd4961eb783106a73a7c,罗*蓉,******2000********,752****6586
p*********************g,5494af1f14a8c19939968c3e9e2d4f79,鄂*岚,******1993********,751****0792
r****e,46a8943685e0cbb237be4299f0ab4787,叔**慧,******2017********,738****3154
H*******y,85545f8c43f73d4201ce509ae46c0738,束*,******1996********,766****1087
r***********o,fce4d4c516183d0c965639f85054904a,郗*弼,******1977********,732****2009
L***********A,1d178c9303ce90b729bb5e6535054c62,卜*文,******2009********,758****9280
d**u,169e15dc5043c5e177c2eea85ba5057e,公**杰,******1973********,758****7941
h**********g,8dee1f9a4ea80e2f8e7aa2218b90fb25,沃*韵,******1983********,798****0147
P****e,96318e2a633d47f342a7e17d60ffae67,滕*易,******1980********,739****4056
A***********o,633d1f51dc0aff38b2c40973b5bcc006,侯*婧,******1974********,795****5011
Y****n,ff5315bf5526a1efd2636267263d7f6a,尚*风,******1995********,730****5685
p********g,45ce1b5a14643bc5f8e3e1744931122f,端**莹,******2013********,798****8209
w********g,425a6322a4d3ee420972514d23e7a37a,甘**瑶,******2008********,749****4061
l*****i,042a70f3e5c8c120e387fb079e3ca4db,东*倧,******2003********,756****7604
z**************n,b7250d249f86686f704e30a9e30b36eb,公*曹,******2010********,736****9569
r*******1,60d9ab27a73d73dfaafd439aaf943c4b,益*波,******2016********,749****7472
M*****************a,eee16cb7a5739f3cd14f7be820a9997f,工**翎,******1994********,757****1761
R****r,1e2eb0c3cae2f4ab1f9fa0819e1dfb1e,漕*,******2002********,733****9578
l************n,96f9c803bb8ddaa99cdf8ea18174dfd8,红*雨,******1978********,736****3830
w*************r,bed128365216c019988915ed3add75fb,齐*远,******2020********,730****8272
o*****n,3c3769bf34065c6ab4b2e50fed48d4d5,庞*水,******2010********,751****8179
w************n,2ca41752ccf4dbdb76d8fe88c488fd44,公*瑗,******1996********,774****3250
w*****************n,2ee91e82277fd4344d9c7bd401fb3ded,公**同,******2019********,739****9608
a********z,844baf6ed3187020e9b178e3f5073202,仉**凡,******2020********,753****3088
l****a,800352d21884c11c0ad2e9e16b73380e,姚*,******2016********,740****9992
l*******g,3f353b3b4e864163a5ab73b5a95a2cbb,姜*纵,******2020********,785****9727
z**********d,ab4197cfb9f0cc0dadca054f9d8b6ab0,公*琮,******1991********,796****4400
z****************n,26da9f5d072682648cc2274ec04ee7e1,阚*宇,******1992********,755****4760
x*********g,a89763f80f91a079ba4309976324190e,蓬*澜,******2010********,740****1148
l******g,1061ada8344c2dd1500faf9e6d32936f,傅**彤,******2012********,772****8199
f************s,2e0ced5bbfe94ec87e53d39bc150a8fc,信**歌,******2011********,746****0039
z******i,8202638d3ab4ddade9fbc766f1ac53e1,浦*裕,******1979********,795****3365
w**************i,0697ffbe8be8ec7b94cb54524937cad1,公*华,******2019********,749****7934
f**********s,6074c6aa3488f3c2dddff2a7ca821aab,漕*蕾,******1983********,782****4171
g***t,28912685f0038566f6112b5c984c6e8c,龚*笛,******1984********,737****4971
q******n,31996075832110d956e90cc1547ec0ff,晏*雪,******1984********,736****1133
B*****M,63f01fc0517d327a1e5bcbe56a0fe665,禄*,******1971********,734****4853
d*********e,5dfcffdfeec4dd151c886d9d1d40d55a,安*,******1997********,752****5888
R***************r,b16d4ed836a4af603db1e5e4a0432a7b,郗*薇,******1996********,753****6194
c*******k,d70f0561ddfd21fff3e20aef13b70179,朱*曼,******1973********,788****2292
n*t,846e6e9c4e43735ca04c6af632ce565e,公**韵,******1994********,781****8220
w*********1,3ea2bacace8f74e053c280fc084cbb0b,贝*丝,******2014********,771****3530
w*******************1,cfbefece9176c314c7a4ecf45984a0df,晃*蓝,******2014********,735****6778
z*******o,096707c65c8b838091d7f27a1478c044,公**人,******2019********,755****4287
m**********z,c8fb034cbdfe3d467b5c3ef821d0efba,平*空,******2005********,781****3967
l*****g,a2dbe7c5dc9e5487c4344c6c12c88f8d,公**荷,******2011********,739****0124
0**0,2b27ef8007d0749dd5b5cca6ea9fb477,南**嫣,******2006********,752****0855
u**r,03704a1561437ff567a702b665328d10,熊*浩,******1977********,755****0054
a*****0,70270ca63a3de2d8905a9181a0245e58,暨*,******1997********,777****8914
n******n,31c1b848df9bc19ff278117c51753e2e,纪*甫,******2000********,777****9510
W*******5,b693b316a4d7623b624ec311a225e6c8,酆*,******1972********,796****1413
l****n,f28596cbe2df408895e790194feebc18,韩*,******1987********,799****8188
l***************a,468bd00449628ea37d5e4bdc2c72ace3,公**吟,******1978********,786****2123
B***************n,b97e45dc0c5b1ed5b0abf37a5f844e91,蒙*卓,******1990********,735****3724
l*********e,9474f68ad0c127946e7e4806001cd837,居*波,******1999********,777****2384
b*******g,800e365301349f2b62fc5bcbf6ac2b39,公**渊,******1986********,796****7579
N**************y,fd1590241d252ad1081cae58215bfd9d,仆**敏,******2008********,785****3890
A****n,2dc873d2d839d6e9bac5ddef7e955846,红*磊,******2001********,757****8680
c************n,efd81328fef76885fd6099c0c08f913a,花*,******1981********,795****5973
w******n,a75feb79aa566ae83caef372ad97e112,康*心,******2012********,776****3628
z*******************i,191671299375f0eb74ea3103db62409a,邰*,******2017********,735****2609
z******************n,5e3b2de6df9ed0c52905b893ec402c22,桓*丽,******2000********,783****9970
p*************t,7f831b15be96f1d2177456afda8dbf57,朱*礼,******2020********,732****4290
e******************s,e45d37b96e04014bdd286bb60cdc0f8a,禹*天,******1971********,783****1347
1***********g,8ed7eef5c44ee855bc16b9b68f888436,周*诚,******1985********,777****2774
J*********p,5728f4aeb740b638df2aa22863ad5d9d,公**和,******2007********,756****4257
v******************A,26d48343eebd76993d615bef763bf5f2,京**笑,******1974********,774****0641
T**************g,6d27725d4c63fad5001c96f5f4cd806b,柏*音,******2013********,738****2969
a******u,daa6324c79e9c6f187a1321fb47fa706,宰*逸,******1977********,751****4317
m**********************i,b2c843f86b1e213e450b617daa8e5142,严*范,******1986********,758****3306
w********n,c6bd11a0ad89b014f916a18a6a581287,谈*文,******2004********,780****0451
T**********************g,1555833e33934686f49cc7dd5b76bbb9,萧*纶,******1977********,732****9869
s****l,391edf2e35856301bcd8bd3549451218,通*巧,******1981********,740****1349
z*************6,f1a295bc744c95453cdcad3155fad846,弘*波,******1991********,749****1638
z******n,45121727f26110de69fe85acf6dc9a76,酆*达,******1988********,758****8122
j*****************n,d4495ca8d8c42bfc8f77051def493cc7,孟*翼,******2020********,790****5967
E****************u,07ed2a034a065e30c36d7bbbb14b7002,寇*,******2003********,789****4335
l************e,0a1fd13dd94b399c276362b5c9265668,扈*云,******2005********,796****3528
N**************g,4c6132886186b231cac8cd2a01eddc2a,晏*,******1974********,731****3773
k*******r,d766efb1dfcf3373895112f9c936d620,怀*泰,******2008********,798****1036
h************k,e6d3164b7e88810641e9e3f4bc7f0927,公**青,******2012********,767****6791
a**u,9d0265a7547d326972039ff324caedbf,文*冬,******1990********,776****6876
w******n,03a11f762c5e0e4dc8cf976b547e87e1,卫*业,******2013********,766****3216
y********i,c92e1f67cfbb81fd39f126c3afca375f,公**心,******1971********,756****9855
h******************g,5ee15b6dfbb15a44666c84e528e020d4,伍*怡,******1976********,780****9909
z**************n,b5aa53b096cd37a9937faccbf58ef8eb,吴*洮,******2014********,733****9147
b**********C,2345f10bb948c5665ef91f6773b3e455,邬*彤,******1977********,751****9058
s*h,c7d6c7320e9b7f152c54ba4764abbcde,章**南,******2020********,736****8665
z*****************a,0027592e05f5ab9c8e1b1a3f770f5c63,舒*雅,******1973********,778****3103
l**i,22c9b023f44325718ffccd33dd234657,徐*帆,******2008********,730****4676
0*********t,cd4c6546f3bf720eac2f5ac6e39ddeb3,公**茹,******1971********,755****5354
R**5,467afe850479e26935135ad9f29e9339,邹*英,******1971********,782****5174
a****g,6c8cfba3a51351fb9d8f3654c56ed81b,喻*安,******1998********,757****2611
n************i,fb62579e990da4e2a8f15c3d1e123438,米*,******1989********,771****9768
z*****************g,1dad8d2cc97395b55a7b319c5f5b2eb1,公*娴,******1982********,786****8056
l**********t,b150a57686da5d1b09a9c4167102f8cd,滕*,******1993********,733****0644
x******d,52ab8409e2f9303b0f1d4eefc1859c87,饶*云,******1991********,733****8203
x*************n,0434fa9da758d6bbe94f6360078024fe,慎*英,******1972********,777****3816
w******w,faf2ca38c02c5f2ba1c49d200a03f9fb,乌*,******2003********,730****6734
l*********e,8827bef3b0d2f94ac517d4e41f5ca85b,庞*蓝,******1992********,773****9907
y****g,85936ef13cd965f19cc496d04453e7c1,傅**雅,******1991********,777****1280
z***************0,0a173d7fa4c9fb954dfdf2c293c5d1d9,卓*瑜,******1992********,798****2866
L**d,1382eb06f04d48236dea0166c60cf406,能*懿,******1996********,790****2934
l***m,3770b371125a8e6a20105becd2d45c42,许*轩,******1979********,738****7433
M***************c,6660950035cc0d3ea88df70f810a84bf,东**儿,******2011********,788****6349
A*******e,1d0ded93178e780d20e42f52eee72ff8,丌**格,******2012********,786****4401
1*q,f9440b8bf3cf9c03f58e602703ba8f33,巢*,******1986********,783****9895
t****************g,322b1384ad854418d7aa77cef6e53fd6,钱*霞,******1988********,798****5268
w***************o,e9c4de2bc5c6543c50fa713521c0f320,左**柳,******2016********,731****6437
y******g,09a1ce41f048f50ea87b03934ae11244,乐**达,******2017********,789****0273
s*b,1a85df98521cad35038d705c946fa3ab,蔡*驰,******1974********,734****7960
h*******e,d5e7350d22be45ef6d3727c616429738,麴*阳,******1996********,782****6239
l***********o,d8cf36499bf25282af15487a71808d48,公**薇,******1987********,791****1717
c**********i,03d4a5d2c0548d6a68870ce57eabb521,闻*雅,******2004********,732****7024
w*********g,78af549143096c61d95f46581fe9339b,云*达,******1971********,789****0207
y*******n,0d06fd8cb26eb57f1a690f493663cc55,芮*莹,******1986********,747****3069
l********r,c059ca2ff2973666920412a15b249411,中*评,******1976********,747****0628
d*****y,a8c4b738e1f56f7082c37abfab2f3a7c,孙*曼,******1990********,732****6369
c************g,796745cd44efa9f16ab23be240fcff9c,暨*,******1999********,750****5815
w*****************n,b7cd6cf3509276ec3029d4e00a486dce,湛*燕,******1994********,757****0244
h****************z,0a39bb0bfc30a4c7a49fb07de3647309,耿*益,******2004********,757****1709
k*********t,7c42f246029d95926675e0cd65988202,邰*驰,******2013********,734****2557
k*************n,3747825f54ad6c96d403b51f6a5752a7,弘*城,******1992********,789****3411
z*****************g,4f01d60e1364c079441c45dec94dace7,华*慕,******1992********,758****7300
A**g,b30b1c547fe44a62bb53e486f3426c13,公**梅,******1983********,776****6213
l***********M,be8ddfe2bddab2c8587ad2db34ade6b7,隗*英,******1984********,785****4467
h***************n,15e15110ecd227c0fe42d6d0e11f2fae,工**彦,******1984********,775****6965
F***y,78d939277c236c359698b40623dfca1c,郗*文,******1971********,748****1333
l***************0,b59252c6a3f8616d73b37845e2b0d4d4,出**畅,******2012********,799****7770
f*n,d8e5b839d005f4044dbfa0d2bd120669,堵*,******1973********,732****9962
f***********i,438d7024799a0938ff2cc10fd14d1cdd,严*乐,******1989********,750****0258
w******g,fc1054333a97018100f31ecb606a4dd3,华*知,******2006********,755****7171
x****i,d76e206fae90221cf2dc804bc98c2123,濮*仪,******2020********,780****1031
m*****r,a65e1d274caa45b3ee61ea036c248a8e,南*璟,******1994********,730****9054
y*************Y,c86c2bd57cd0bf6dd5bbade3125f4261,满*然,******2013********,752****6093
n****************************n,340e9dd773ce1080baf89b21668516b1,隗*洁,******2008********,787****0408
b*****t,b50b2b7ba96e2499df510032004cb0fd,公**星,******2018********,781****2665
s******c,32005beb6cc4314fe07aa6b0c9208f99,菱*渟,******1983********,747****4902
l****************e,31fff0a5e4e00f274ee90629e056704c,徐*彤,******2008********,759****8183
c******g,30e535568de1f9231e7d9df0f4a5a44d,焦*媛,******1983********,767****8118
x*******i,1bf7fced2f7268d8ff25935864d78aab,古**山,******1974********,753****8402
l***********g,d54d1702ad0f8326224b817c796763c9,潘*爱,******2020********,756****0393
z*****t,da9f3093cb8ef011dd8e0927a1ac43d3,公**琳,******2017********,752****3624
E*************i,3d186804534370c3c817db0563f0e461,常*宁,******2006********,798****0511
a**************g,978f6f608df5279d4d85e700d83ac873,郏*志,******2015********,757****6881
B*****************n,ffb6e4a09eb45c3340e1c62a7c5380b0,咸*略,******2002********,736****3715
S******************u,dad185eac6286a3627dc42a0c5f99a7f,阚*卉,******2017********,790****6037
S*********m,44b0c6ea9297107fc17c2e4b3dc55e21,公**文,******1980********,799****9360
M*****a,36aae3414b17a1a38d6a2d228286a580,赵*,******1988********,778****8902
w*****n,d3288081b3c3e509b4789a0e7a977832,王*苒,******2009********,748****1487
l*******g,6697dbf5e9960250e0f8f4199e7a569b,郏*琲,******1989********,777****3956
c*****b,73ff775bec0959a56caf3599baab25ae,周*霞,******1989********,766****2295
l***************e,9cb438fb5a9cd3295064f0838b7f48aa,禹*杉,******2013********,746****7418
A*******y,716a7a64884451db25b6675a445fd20f,付*孜,******2012********,781****0104
l*************o,61d3d56fdf54fff38b149fe74be019ba,欧*歌,******1974********,771****7880
l******n,db09acf552c39e71924e0b041a900042,陆*扬,******1978********,730****4414
c***********e,cacc1c238c02e975da60a596c64cd19e,慕*娟,******2005********,796****8794
t*********n,b1138da96635935f2e3ceca76045d0be,詹*德,******1997********,737****9382
w**************u,49f9eebb2f83734e0d227f85be0d36f8,文*,******1978********,767****1565
z*****n,bbfbc7b1a1cbd446f6df47783e5702c3,古**竹,******2000********,747****4820
y********n,be523432a6b19a93ed5923ac77df6522,沃*静,******2000********,771****9117
W********g,afc50ba6ecaa8ad863a67d0453329fc5,郏*秋,******1987********,731****5264
s********i,1515bc054835cb72f8ecdd6186ab1b4d,安*瑞,******1988********,783****9225
z******o,b5f7145eaf33c1091278647191d8fe78,扈*卉,******1977********,755****3674
c********e,c0cf2c3a21feb964bebf7c1421a12515,酆*燕,******1973********,752****9252
z***************y,8b52b2c6f1ea3983fcfec73c9b27d25c,仲**泰,******1973********,755****9460
c******n,02c9b3508dbe654d4372d49a52e60342,易*熹,******1997********,773****6821
d******************a,1eb9b9cf9db7de2c474e06bce82a1da1,公**畴,******1975********,738****0512
p******s,d6868b812c7a5383f23d6db7796a4c90,叔**瑶,******2017********,790****5254
j*************x,8458c6d57ff2a8e5667892ab9fa5d7f9,弘*苏,******2010********,789****9931
p*j,86ea4500c4715656e9104122f74d8805,禹*,******2006********,787****6673
n****************e,a5cee36875de047b88c180f150776b3e,劳*茹,******1971********,796****3416
S******g,bce644663d0c3079d7d3ad2449474a07,纪*雅,******1991********,752****2822
4*****y,fa6f588f96d6f61cae05ed5d9dff14c6,相*化,******2000********,755****8673
z*********r,1ce727692e5c4674a47527cc42cbd518,公**吉,******1973********,756****4565
z*********************c,1ffb047a8b8539bc519e46be8787b55f,函**娟,******1983********,757****5436
y*******g,cd893489f8e298b91297c2c31c2db094,胡**娟,******1982********,745****1917
H************g,82db147dab8243e3cea68091184554de,毛*,******2001********,752****6659
b***********t,b4c900d9cb426c092fe63d81bc6b3c04,胡*德,******1980********,756****2154
a***y,5d021b5d2bb148b8cd16445e2f83e053,公*辑,******1992********,799****4765
S****l,95517ecbc98e7b8bd409177c65b3b812,邱*年,******1981********,733****5853
l*********g,cb785a8f3731967bb0da644e6c22ddea,阚*,******1989********,730****6146
l*************e,3d15fc759893efdfdd0bd4bdac5e69dc,蓬*雪,******1994********,788****7854
l***************i,a259928ea26982d9cde0bf34b9534eab,熊*远,******1988********,730****2814
g***************i,62831e481fa4894ea75fd7b729e6e342,储*,******2001********,778****1323
y*****e,78be7da3c94cf3d9c7a0b1dc2f2742d7,计*妮,******2000********,793****2114
o************t,187f0a423412fb2de40164366ceb12c0,卢**文,******1976********,753****8943
z************s,2e58fe2c87aabe428a1b5f21ee5c659c,公*崇,******1989********,734****6486
c**********e,4424ca20a9f95a4e1cd0c11225e09b0f,甘**蓉,******2007********,750****2573
l***n,fa670b317a3c0014a740a590f677cb29,古**淼,******2011********,733****1212
F**i,d37e8773f194ee922154a969b5b03842,杜*扬,******1972********,774****7888
l******************************n,60c311d578d246e80511c8a9f0396148,东**蓉,******1970********,788****2960
w******g,05cfea87a77f1a3f91155bcdf213b9ae,孔*木,******2001********,796****4165
L******r,c3d469023086a1778d872be41ac64239,公*雪,******2010********,751****3900
m*********h,966298009c5f3f2cbb2156570c15b4c7,花*雪,******2012********,748****5448
w*********************e,058fa5f28dded1ce1ca750337c9c5a54,叔*伊,******1988********,780****9988
l*********g,16cad9a37abd94543525fe2d7305ae10,桂*文,******1972********,731****0987
C*********m,ec896bb7dcab81f9287dd7eefa472a72,尤*鑫,******2012********,749****5880
z*******g,46f94c8de14fb36680850768ff1b7f2a,付*拯,******1993********,736****5273
f**************g,78c2ceee33b5fdc19571f9dd55fd011c,左**朗,******2003********,736****2221
C********n,811ebfcb3f914779b7ae4da8b2479057,牧*,******2011********,798****0752
b*************g,9a84ee41aa72de59c63006aad670bcce,杨*蓉,******2016********,789****5532
c*************o,256bc12a9e805db3ac5fbc3e263e857d,巴*易,******2017********,730****8785
w**************e,7785414cc6880c063d6eec877eca107d,公**飇,******2007********,738****0258
c**************g,7053499839405fa9f28904a8d8c8f447,鲍*泽,******1988********,787****8954
A*******4,b6e2d7ac042ccad42027bcac586a402a,濮*,******1990********,767****5963
s****************n,c6fb1a5e1427dfe3b943012aaa82a52d,康*霞,******2002********,771****3248
V***********n,816eacd15c7cf0dc7d7487549edfbd18,公*杰,******1973********,786****1138
r*****************1,f1a3e690969b5ef1820a591ac72c9691,巨**宁,******1979********,738****1880
w******5,f7a436a872bfbe5c43bc5ddf75b9dd4c,吉**诚,******1993********,782****4850
R**************e,1fec3bedbe50598a63e3c73e4c51ebab,师*,******1978********,790****4132
0********i,b778cf4d0948fafefe4f5742308336d9,计*,******1988********,789****3418
l***********s,bc4cea8edc0aea3e8562c2806025511e,焦*丽,******1990********,791****0241
t***********c,4a7a9689a50d53343e9794b5ded639e5,司**梅,******2005********,785****1243
d*******1,051ec657c701eb70ba44cc0c87891d4d,公**溪,******2009********,786****0552
y********n,f717a69d8f4a9cd49c42f4921bfe7af0,曾*雄,******1976********,753****6285
S*****i,e8cd0953abdfde433dfec7faa70df7f6,白*雅,******2014********,730****5818
S************n,e0a0a54afe3acfc675cd5e8d2059fe60,巩**蓝,******2005********,781****2749
A*************n,53e929666f96e26c0231ec003560142a,公**美,******2010********,767****2940
K**********n,fbe82b93c071bedda31afded400cca52,侯*,******2013********,778****8314
B*****g,4d8fc0860d5c7915161b7d194a3a320f,纪*梅,******2017********,731****8606
z****u,23be19b24ec44d5e35d564eeff8e9fdd,桂*康,******1995********,790****6678
z******n,50e47ef3c054b8416c1a330fa71ece4e,窦*玉,******1972********,757****5454
y********************o,bd5200736a114e5d90987ce16b3b781a,冷**方,******2013********,780****0080
l*******n,140f6ec8b21825e9f26bf70e618e07a0,习*绿,******1989********,731****5807
B******g,5d9829069c0c16846649bd8506a29d68,公**翮,******1986********,759****8974
z********g,9621dabcb33066db64a2f77f31b5e816,函**华,******1989********,789****1597
l*********C,091e192d28e4d62ec4f3980e7099571f,华*代,******1991********,786****7291
l******************n,9a93765859eeee4b35e046e55c6853a8,翟*音,******2008********,732****2356
x***************************g,2cc4e2398bfa2fcce41e3c8f3011240f,公**河,******1985********,775****8878
W****r,3fc44fddce2f58ec26b3871190982993,金*旋,******1989********,776****7919
z***************y,cc86d902357eacc2457f97f1881ffe60,侯*裳,******2009********,745****0663
z************n,4acc8f8e5aa8cc94d5bd277a5a29d9f9,敖*束,******1973********,755****3108
w*************e,13159365c66b169003787cc466aa0585,相*娇,******1986********,756****8980
R*****Z,8f4e1c47f11c72e35948e7e3a7d925d8,阙*业,******1979********,766****0214
w******************i,abd42356f37c394e6a75623ddb8d92f0,寿*,******1971********,798****4737
w**************i,cbcabef47e69defd1406050b83598af4,晃*简,******1979********,737****3837
b*********b,05a671c66aefea124cc08b76ea6d30bb,何*月,******1975********,798****8551
p*************g,f9aed9acd6f4daa74538852b379038e3,莘*梨,******2010********,789****8881
l*****g,4017b82cce5f37eccfe4669f7e9d3d47,于*运,******2003********,731****2146
w********n,24445027ef5ecbc3d0e7938639da6f51,羿*,******1978********,783****2642
s*******t,76d6d03d91738cc238aed4e952b1a07a,丘**媛,******1995********,756****0475
5**t,87611e7f36c7565bce1fc567196ac685,向*,******1970********,758****0384
B*****************t,06a8647723d4d285aefdb02ed285220b,厍*春,******1975********,749****8084
h***c,4f0a2ab08956e30dd3c8b3b80b067393,水*,******2009********,735****4552
T******n,d266f2f31cf903c870027659030e967e,段*,******2008********,791****6887
z*************n,08addc43abafe092b7e9ad186076de59,公**薇,******1973********,752****7140
z***************g,966f66ac0ed577e3f024897541fab28d,胥**旻,******1991********,733****2105
c***********n,ed1c3f709dc3b5cb5e75336213ed1268,宫*嘉,******2016********,771****4337
s************e,16d6f811e5c5294a543cbbc93fc118db,雷*良,******1990********,751****1670
g*7,9c85130dff2eea89838c9a738f2d9240,公*囡,******1986********,747****7196
k**********l,7bd36592a64a92c7a48aa51dc9259360,侯**美,******1979********,747****5726
e******g,91c3591f813070d79c8b27827110f845,伏*云,******2000********,788****5792
F**********i,3abea66667d9df627b56f6f537de454b,闻*,******2019********,783****6710
z******n,6b2bd8e4bb5a779a32211841fd97c276,公**宁,******2008********,734****7015
a************r,18f192b312e35a004948c5906b8b021c,乐**国,******1975********,780****1890
a*************************e,207d9230bc47f7e586e03d870474d171,公**略,******1990********,798****8503
w*******k,cc1cd5ba490bcae11252a15d3e80e10f,靳*熹,******1975********,739****2162
c**************c,256c095613e7dbcc4fd8550970971532,殷*悦,******1977********,739****9989
i************u,bfff5c1d5fc04a93193078fd371194c2,饶*丽,******1972********,757****6259
l****g,cf3c1052914f6a2007b562cd7ed09c2a,褚*,******1990********,746****4290
w************y,cfb89e2ac26c763e4e05cff46d032a89,高*玲,******2013********,751****5258
c************u,313bb5102bdc443d35a9d132df9b6d96,谢*畅,******1976********,788****0679
P**********r,528b1993ff484f5f4ebf71c0c9c9843d,公**洁,******1984********,757****1789
c********n,d5972ee160bdfbb5c8be0c4c4bae7d4d,公**鹍,******1975********,773****6013
c************i,b3eea449a46aab4213efcbe30cd38c08,公*之,******1995********,767****5409
b*****u,98ec5e6ab77183f8d81a5394cc34b4eb,公**怡,******1992********,735****0504
d***********g,66f723735b21be0f1fceaf856900255d,游*,******2015********,748****9975
v***********r,70ebc4f9c9d22827a5874d1bb6f06abd,滕*,******2000********,731****2636
G********m,a0fb44be32ca0965862a09743ffd5047,倪*风,******2019********,748****5231
l*****a,acb606d51aba6fc7ee84fda5dfda6273,戚*,******2009********,759****4940
l************i,cf6a1d457667dcf2d01cbd5040ce70fb,瞿*,******1999********,753****8918
p******c,c6932cbc7bf251e53eda1d13698030bc,付**翠,******2003********,775****0725
g*****s,6e66cdebb3252cbb70365a4d5798ca7b,公*御,******2010********,775****8573
p**************g,5fb327407378c83065a1e1b8f184ae22,关**松,******1999********,775****2081
1************************u,952f05704bc665c39174500a3e1c1a2d,邬*贞,******1989********,752****2829
0*******0,0e167509d1be26a3e5b9785558b224cc,乘**影,******1970********,789****7641
p*******c,007f6a7040011de3ed1a1124969425ab,公**惠,******1979********,730****8890
S**************y,5749b87f24695af38b75ae8769f8afa9,班*贞,******1990********,798****5531
X*****C,84fe51775b716bf8b10a94b7e8358eb8,公**艺,******1975********,775****9235
a***********g,380849193a00704711c68803d86e7d16,刘*柏,******1977********,733****2140
c**********6,d539bc8b0fc200a7d068194385ff4549,于*,******2018********,738****9068
f********v,61458d540e4aa629cf54a1e617f9468d,南**钰,******1976********,737****4333
a************n,92a76cb56cf0a15338b842d56b13976a,胥*帅,******1985********,796****4778
c******c,0fd877d583e07b55492b7dccac78c225,武*玟,******1970********,798****9088
c*********3,fce66953b1ca39dfe95547a5e933d0b9,左**蓉,******1982********,738****2690
z******a,41fb53bed65a81ccb5175890dde3d794,侍**颖,******1978********,776****4662
W***************u,16a12c562317ba50322f0387b19e4e53,宋*,******1985********,778****3719
x************o,b9cf63f7a2b949cd43155681a63286f4,融*茜,******2009********,775****4727
l****************e,526fd67bb31b9f41a8212c492c6990dd,公**基,******1980********,790****5151
c******g,c4f3c7ecb364d441f97b062523019d05,熊*笛,******1989********,756****2057
p****z,bee397acc400449ea3a35ed3fc87fea1,伏**秀,******1974********,748****4947
l*****n,c96a2682e4614f0ae1120fdf958f069c,宁*蓝,******1999********,775****2593
k*************i,bc441383091de9a9ede7c4433165d874,盖*济,******2016********,772****6726
r***********o,00285d1b4d25255c10027ec5afb1f926,邱*信,******1997********,734****5179
z*******n,c08ce977b4226a01d3517fb53941416d,公**童,******2019********,780****9266
S**********g,41ab3047c15b5cbd1e87fed827f41885,寇*,******2001********,798****6383
s*******g,f2410707bc72a884ffffe65d370b2196,公**歌,******2003********,751****6386
l********************a,69a80057cd922b741c132d9ffd8b5582,褚*,******2020********,789****0371
d******k,bfd59291e825b5f2bbf1eb76569f8fe7,许*烨,******1992********,798****4650
B********k,717ddd0e6fe46ff4e30aa3eb0b5a00f7,古**香,******2014********,757****6309
p*****************g,e1ab0fc638d775fb9b834f94485da98c,谷*晴,******1989********,757****9998
w*********g,c06511398f95156426a7d63dae5c5cb6,芮*,******1971********,730****6979
l*****g,b01d985733f0b725d77119355b3199a4,阚*,******2010********,775****4552
b*****r,1f43e4578297e187c30cc62362c77a7b,江*艳,******1988********,734****8997
s******************************e,7f9ee758a1690a5f0057e19582c36171,任*泽,******2015********,789****8138
w********a,719e8c224a1229c4041a494ba3135bdb,符*明,******1980********,747****0958
l*******g,08b70d438b9b96d6c5505268f68742ba,宰*,******2020********,735****8183
z****************g,86bae10c4cd01b7dc0b1a4853b8a431b,公**涵,******1976********,745****7505
w*****a,e91ff254219619e525b7b061a7f14dfe,古*光,******2012********,753****3000
w****n,45fe272a2a8f89e6ac55ed271fc19576,龙*元,******1972********,755****0695
k******c,f0a5138f4913660f19923686f6f530cb,公**辰,******1974********,780****6659
e****e,adbc91a43e988a3b5b745b8529a90b61,共*亮,******1998********,731****0299
l****************i,01c56554394ebc4cfa5df7a35fc99d8c,上**和,******2017********,751****3249
b************x,25cd0e401ee35fa7185b31f6d420c3ff,易*波,******1975********,777****5780
c****i,b9bbd38b2bddf8225d007e6085e31034,通*,******2012********,783****7309
w****a,cf413224e3f93c3f475cd267b052cf24,晏*,******1972********,771****0150
w*******g,cc0e7783e6481d846f49afc866dfbf0e,古*洁,******1995********,793****6884
v*p,53eaba80b540c3d2d363104c69e08ec9,胡*衣,******2008********,746****8021
B************d,e9fd92b4e8a79b1c0b046ec770197f60,闻*驰,******2018********,790****1740
b******g,0f1738d334ba4d7a78a74b2e2ec55aee,庾*星,******1989********,736****8315
c**************y,1f68a985f2e3b788dcf31d1edce945b9,任*洁,******1984********,790****8808
m********2,e345600514f366bd1686e452fc16dbb1,邴*,******1980********,739****4924
a****************g,36748cf6225d485b061ff9e581002c55,乘**欣,******1983********,739****1069
w****************o,fdb6b83fb2f9ecdcf3121af4dc6c04f3,吉**旷,******1981********,784****5695
Y****a,0e44faae2aa7993ad3d7f8bf7cbdd4fd,充*,******1983********,753****2876
b*****e,0288e552bd01d2d2f868b299773daabd,阚*凡,******1990********,746****7640
l***i,812f181527df32e5fb57857ec56f2b80,毋*青,******2012********,790****0274
C****g,4da830b5b78d340116fa42826a6ec4d4,印*白,******1979********,746****0194
c*************g,149e436d2cd8ad56fb38c4c32609479c,聂*菡,******1992********,735****3285
q***o,8adfb92cd69dd4309e3bbb59e7e9dbe1,中**云,******2004********,785****0689
n****j,3a55ccbc6564ace0cfd8d85166597df2,闻*,******1993********,731****5064
n**********************e,e92e8ef8c45f1137248c96c88b18ebb7,乌*晨,******1992********,772****5500
o****e,872d11c1de727dab2cd44d305abedea7,公*,******1980********,750****5445
h**********g,6da0efc5ba97b419c78cabacee06eeab,陈*束,******2014********,751****7039
s******c,507e3b37c9551478de04d7069c73767c,熊*,******1979********,773****2336
s***k,6c14da109e294d1e8155be8aa4b1ce8e,邴*,******1970********,780****8146
k*******************y,1239417bef6eaf906a98b4f6e4838521,公**心,******1993********,799****1782
n******n,7295c68e074ace53aa67fd80d10cc6f7,衡*落,******2004********,753****4546
l***********n,5ac89ef7fa9cbba3ecb39312ca66eb55,康*翎,******1978********,766****4337
1************0,5ed6268b26f9434851b7ebed2bd75c31,合**丽,******1980********,759****1048
r*********n,03d54b0b3cb14d7848138b2001e96e35,终*雅,******2001********,783****3498
4*********y,8486b12d6ea85ddb299e68e2511c5828,公**海,******2012********,756****0950
t*********t,799ec336d281d1e2e7c03535691c2a94,慕*林,******2014********,795****7600
c************u,a9d7850acca87e588523a6e672d16f6d,同**华,******2019********,737****1413
g**************1,84e75e5eae87139e66df83d01656757e,红*语,******2005********,731****6555
y**********e,55722118e8b7648e5385b65528a77712,合**乐,******2006********,780****5424
x***********g,db841e0f22273a067d48380b1e44ab59,益*波,******2003********,793****1660
P******************n,949bfcc108dc20f69de9da3ed7780841,左*越,******1982********,735****9904
l******d,4bea3246786dfc439a68fa2249bb572e,籍*,******2013********,780****4187
w***********y,afe70f7162645c8dc7ed2c561c4cdab2,公*砂,******1974********,750****0404
0******l,e6a350411d47bc453e094ee3613869b1,慕*,******2012********,730****1129
y***************n,7a12a47984333222320df4510947fbdd,国*羲,******1978********,780****4260
z*********i,de5e105bc36c972e4f6d7c6381ec3e84,殷*,******2010********,780****5020
s*******0,267d6dfe2803fdb0c27be6a556513562,公**安,******1973********,778****6528
s********g,2fd73032795f6a74fcda1775906519e0,金*允,******2007********,749****1637
l*********r,3f085f30254e60d08034a831a824b5b5,符*津,******1999********,735****1833
m***********y,c79bbd3c71e2d0f3693e56ba9b305c37,仲**琳,******1999********,793****6185
k**********i,a3d5f8092f12bce7142de51d1c668928,公**博,******1991********,747****1505
b********g,6f4dcbf96578b40ad29d71c3af0f06f4,屯**和,******1991********,746****4244
z**********g,b17432561079438675b47db60d78fcfb,沃*为,******1976********,758****4923
l************e,0fd251763d20817211dc14a13f07f3a0,公**洁,******1973********,781****3884
z****************g,b7a71f563497eb5621a708dda2f7258e,乐**明,******2004********,778****9485
f*********u,69b294fc59c49c078402416b69ee9b1f,孔*,******1980********,789****9777
N********g,a0f0ee4f65f56126f9f36b66021b6fb6,苍*,******1992********,798****9300
l*********e,421a491ae5507a75d40c339b77d52563,贾*翰,******1984********,739****5760
M***************n,caa8e4548f99715515c543dd62fc14df,宦*圣,******1999********,747****7914
h***********o,594f819fb100ccc1a5922f79803c50ad,成*玲,******1987********,787****3051
M************n,9af204fa65fbfbb3f96ff22483a33233,尹*运,******1978********,735****8061
w********i,1e2de52e8a889988d9a035c8dce5b6fe,庾*穰,******2012********,793****6842
z******************e,499de28886464abec262af0e358fa082,向*,******1983********,772****0027
E****g,557499b749471783939c565393e33ac4,伊*文,******2001********,796****3174
s**********w,826eeb9bfc116020a6a2f29d35878fb7,印*哲,******1979********,778****8229
z*****************t,8730b8682e9b93e53d63a6a67db31a43,左**心,******2001********,739****9884
w*********n,d13af72386a83708fe6e933c859f23ac,邱*,******2001********,788****8431
W****************r,bb6258331f3833e1b05c650ce4ec7e5f,鲁*蕊,******2015********,793****3072
w****u,ea2667ceb8c3c01b4db7ca858772e5ef,权*文,******2011********,781****5711
t****a,09859d06e795cf0670d139740e23e235,伊*驰,******1973********,759****4507
t***********n,a1586e3b4d3943226c2802003eeea060,卓*,******1996********,787****8130
c*******g,1167eac4687a0d8aae4d01efe9274cda,黎*,******2013********,778****5565
w************f,934b535800b1cba8f96a5d72f72f1611,公**轩,******1994********,796****4973
r*******************g,c99699880bd33044d9a6075f088e8ce6,慕*美,******1977********,745****7836
A**********r,6439a42d8063243cf800a487a282f857,古**曼,******2020********,777****1266
g******************a,9ce85507bca4c712c6ecaafef310bdff,古**甫,******2006********,784****5760
k*******t,87e57a980b64141a7083c8d3e8843fa9,敖*,******2002********,735****5870
s****************t,bed2d15a4e60194585149357978346ec,公*示,******2018********,749****2776
l********************z,f686f52cfe8bf7ff00cd928dbfbd9502,蔚*,******2006********,766****3756
T***************n,15590d83dacccbdad1e0cf4c6b737729,东**柏,******1975********,773****7423
l**************i,a0e9c76bc723353341bb0b9cced74509,曾*惠,******2011********,750****6795
p*************e,963b005c3266ca16c3ff19767822d25d,乐*易,******1988********,798****9499
i*u,f175dcb9831c5e03c3aa15fd34b3d361,岑*耀,******2012********,757****1551
l************r,698a7d606b61d4a36786027af0ab7b39,华**之,******1987********,791****9249
W*,327bc4e22b649d47c4546a3ec93f376b,冀*,******2008********,778****5910
B**********p,c302ecab8e698cf65af3cc7b7eef15d2,方*杰,******1996********,784****9593
R*****y,22db2faffd7ea149fbef65881d3ac373,白*苒,******1990********,795****9866
w****************g,415ee88335e9a47cf2e264a294cf408e,卫*珍,******2017********,750****5014
t**************i,93cbd041da506a10caf9395f565830d1,吴*洁,******2008********,774****2827
p*o,a66efa92d451b48ecdfb1598cb7f3634,乐*洁,******1995********,785****5231
d*******r,0ca8083685e78d899db664cdb18291d9,晃*岚,******1984********,747****7187
j********i,49c486b04048acccfb0ac4d194583567,即**玮,******2006********,756****4193
9**n,61fe2f747e45ef4a4befb30f40788c11,容*婧,******1973********,749****8668
f*****************X,c4587892b7c0a8506b3aee17dd2a8488,伶**旋,******1970********,784****1917
d********h,79289d3b64883e22001e3da76b5cd866,毋*馨,******2008********,773****5362
l****o,681858e3e1fe06aca873a3a811d8e28e,函**顺,******1987********,737****8570
w*************n,e510e640e93c12a31e209020570a6403,谭*,******1973********,767****3790
l********r,fd3fbabee710844371698709e35bf505,端**悦,******1989********,756****2675
c*****3,53ee8a115c53c313d3b0a72aa427e63e,益*瑞,******1987********,796****6137
a****n,2e9ec317e197819358fbc43afca7d837,朱*晴,******2002********,757****5143
M********v,e5152d9bced2a783e1535cb2879e993f,索*阳,******2009********,771****5298
L***********x,a86e2fc65b2c22497583e9767f045140,吉**懿,******2005********,783****8334
l**y,d61b695daced4592b5000663b4d977af,谷*儒,******2013********,749****8004
l********g,074dad96e4da41cd35d14266f812418b,耿*云,******2000********,777****5621
c***********o,29d926c5c29db6b4a10433115b42fc83,空*,******1981********,745****2419
l******n,5c0de0ff6b9e1f48368c320b0a39e839,宿*程,******1995********,756****0390
P************n,e399434af5b04163b97290aadb4eca80,刘*晔,******2016********,784****9399
w***********a,77083723d45740ceb999b7699c426c02,同**瑞,******1991********,732****9170
l**************g,ca89025d40e02b7dbdd827387b1617ea,熊*睿,******2011********,789****9874
d****n,09601433afdfdcdc7a6d7889918a13fe,计*雅,******1988********,781****5892
l**********e,f40bf27c4d4d6b96cdb7a0a01e61f1ab,王**秀,******1977********,790****7867
l*****n,09923124133a08f00f570d3c14024c6d,东**雪,******2001********,733****3405
w********n,bbcc701c062bc94760bede95238116e1,甘*美,******2001********,791****4205
l*******g,ee8562ad5d55cd94c45fab2437bf6ff8,詹*美,******1984********,788****8656
C******r,1cf6a6940f8e1ddf3be1bf577352ab71,蒙*双,******2010********,747****6799
P***********i,0d52884de5f83710a106e58c6889181b,项*深,******1987********,759****1599
e*********r,8451794301a72042c5c7b70832eaec9b,公**安,******2010********,766****6732
w*****************s,6113f124f4f799e767bbc3318cc48564,熊*芳,******1975********,782****5722
p********l,188df1b593f1107bb78ad4d3fc7533cc,关*钧,******1977********,789****5176
o************c,d6a6bc0db10694a2d90e3a69648f3a03,戌*,******1974********,738****3906
N*********************r,d4f2a60315eef2b600cf0240ac0c37ad,东**润,******1970********,796****4471
A********r,1e37719834e41d6013384076fc8a8a42,宁*,******2016********,753****1517
x********************n,91b3468c4f22f0ccefb3f83f770ec199,桓*,******2005********,783****1025
M************n,76934845af500a163ff7bf37ffd7ccba,步*夏,******1993********,732****6897
M**********g,b76013f4d7840ba6be57be64fecb1e13,窦**星,******1970********,740****4299
9**********a,d68a2cc145c40cd6ab06b519494eb520,公**然,******1974********,739****7317
C************g,2b32d5491261576188d11f4b31647d55,公**寒,******2015********,738****1879
z***************g,16678dab600ea1d6d7e9e69935cf5de7,向*云,******1989********,790****7298
J***m,bc4e420c4d141e8737c45d301bb3daa7,张*安,******1973********,791****0764
e******e,70788550882b40e9e3040800f5d34646,宋*毅,******1972********,767****1144
h********c,26fe70edd29c769855143b7569e9fa9c,公*颇,******1973********,776****1370
D********r,9db877ba29ed53f17f0602e48cabaa1f,仰*逸,******1991********,738****9538
n**************g,c1cb410f89fc2559ae5a91d84226f94d,袁*云,******1998********,767****8900
S**************n,7bc6c31880aeda581aa34e218af25753,牧*捷,******1981********,796****8038
c****************r,2fe3a57fe72f30bebd29b9d48f9cc28e,靳*海,******1976********,748****2708
k*********e,db14b8d957b98bfaf4197e44ce2f54e4,师*瓃,******1999********,785****2589
K*************g,5979a54814e0672d99a530146d9c4fd0,赖*乐,******1994********,734****3346
s****c,5c9e1fed372028a3457f0c6631f8f524,陈*哲,******1974********,799****7695
n************g,76ce3e0aa666979e4868aa6d532a1d73,公**绮,******2007********,756****5866
p*********e,4681e14e5c82305a124fc205dbcaf03c,廖*芹,******2011********,795****5214
o********g,52e4a24a354ffcf586254cccc3ed7238,魏*,******1993********,753****1581
k******y,67d6e90de1db03d20d1329310f7473fd,凡**夏,******1970********,756****7890
s****************6,1b6a86e31a9b4ee0ac28bf83003d6ffa,索*轩,******2018********,755****6284
M*****e,e55f616790e8f2f8e7250c1a5a2c6b5a,公**邦,******2007********,739****8178
0**J,cd9bc03799486b4dc6068a0d6c2d1700,屠*芬,******2005********,745****7107
y***********r,854fe037a56be812a073f83bc9f857a1,公**馨,******1998********,788****9412
H*************d,a7244674ed387c1aa01811c6262fa3b4,公**丽,******1980********,781****8447
c**************e,5882473a9a92c29be46a40e36cf498b7,璩*熙,******2002********,755****0615
a****g,eff12176027ad35e45703f3c6922fc12,任*阳,******2014********,767****5300
l******a,e278615e8fed81face2b48704d698cd3,公**颖,******2020********,775****9471
s****m,26b1c9e2d19233bcc2669b8dfecadd43,秦*,******2005********,740****9382
c**c,946b60ee4da5504f544452d0aff23efd,饶*月,******1993********,733****6366
f***********l,1dfc2ae7a6be503db9ad66b3c46aa598,温*,******1982********,756****7054
s****************g,dbda6de016e51fc4cea8f8b757974ff9,晃*洁,******1994********,776****3698
s*****************e,f8c5f681886f146f324f842c5e9ef3f2,劳*穹,******1998********,790****1260
z****************s,5912d7bfd10f631f1715bf85bbb72d97,秦*龙,******2011********,753****5048
w********************n,cb5322e9d5795f60e3f40444b7d66551,尤*韵,******1971********,734****1613
l***************e,ff084949d07da824562645b68d610a3d,元*莲,******1995********,790****7596
h*********n,25327e68265b1669ff50bf504eb5f812,狄*康,******2001********,789****6778
c******g,b1ace01049f8db998c74740a22eac1b7,伏*心,******1977********,782****9613
r******y,79420332fab45707b393a99b32789bd0,廖*驰,******2002********,785****3739
1***********g,a41e23b760e754cc236e7bc48508c708,谷*安,******1980********,735****8461
P************g,01305088e5f63fd7e460b129745b329d,公**歌,******2007********,799****7454
w*****i,ae653896176d10c9be6e58feceb07505,车*静,******1974********,796****2453
h**************i,f5568589fd5675c9522cae7520c6e1f2,公*娘,******1979********,795****0386
l********a,acbf0b7632a32bb5aea195c052ff109c,家*曼,******1970********,798****6246
f********x,d0fe602eceb1c2113c81d6114b2ded35,仲*乒,******2010********,759****3830
G******0,5b73082b151da3ddf6d4c38361ee6863,公**雯,******1984********,790****8805
L*************g,d68e03f71f631ba2cc33c756d290789a,万*,******1993********,793****0700
r***3,331b184847bb1808123473d76c45540b,甘**济,******1986********,796****0651
x***v,d907dd9ac8a25cbc851d6386ae9907f4,米*冬,******1987********,791****4446
w****g,018d7a9c73fc887e30c9004984a8161e,邰*思,******1995********,733****8456
l**a,b7ae41635ea12e063e1af8a6b6758390,公**冬,******2002********,777****9673
x*****g,7cceb0800f24455975354829e52d1d71,东**旋,******1977********,780****2789
W********a,22b0a3ca920f269112329eaa405bef31,禄*,******1972********,798****5262
z**********a,3028879ab8d5c87dc023049fa5bb5c1a,程*畅,******2001********,748****6450
k*m,73882ab1fa529d7273da0db6b49cc4f3,信**珍,******1982********,748****5224
i**************g,1f7b52c7ed68b1cb4384606a2afe289e,马*澜,******1988********,757****4210
a******r,b4e58dac5186b9a923f944f435198cf5,红*胜,******2002********,758****6541
l*****g,10fffdddd77bb8209bb27d58ac0bbf3f,龚*寒,******2003********,787****3770
c**b,2fb641828b0660ec51f9f17889f2e58a,宁*霜,******1982********,745****9284
x******************c,073bddcbe7fdff9e8a1b0e82edac0421,殷*泽,******2012********,798****5162
m*****************o,6648b9ec32fca434e58709ba5a969fce,凡**怀,******2017********,745****5609
h******8,bb3997acf41aaa47c0e56df5076ae502,公**薇,******1987********,774****9394
c****5,d0f7b134c28851479e01259af0e94221,丌**筠,******1986********,788****2814
N****************c,9bd4e742b4c5776fbffbfc580dbc43ad,蒲*阳,******2016********,757****0141
s******i,92b9cccc0b98c3a0b8d0df25a421c0e3,南*俟,******1990********,774****9943
c**************k,b107bdfefb64c8b2f74dfc995aa263df,逢*,******1991********,756****3029
t****t,627c639cccedb0527936d0825b81f371,堵*儿,******1998********,739****6434
l****************g,d0763edaa9d9bd2a9516280e9044d885,曹*寒,******1987********,759****0844
s******k,82319741de3eef4156546ab39f1d2323,东*茹,******1992********,771****4337
z*****************g,306efaef76c81d4bff8a787bf924a712,付**霜,******1973********,786****6885
W*************F,2c6424328160aa66028af631f21e4b29,丘*容,******2006********,773****2251
N*0,93279e3308bdbbeed946fc965017f67a,濮*,******1983********,785****9588
p****************g,7fe98972dd09e2393394063e12e8a04a,公**慧,******2002********,753****9905
c*******************o,7aa3262b9526ff30025c2f389263399e,公**昱,******2014********,733****9939
z***************t,b4e25e95ab9f29e62157dbe04fc2f1f1,公**壁,******1996********,746****5181
w********d,6ede85c2625f02e373b15ba803850acc,冷**昌,******1973********,773****5182
l********5,89ff83ea64fd87914f3be7a4d412632f,堵*,******1990********,735****6914
P*****y,739ae0f2a64425903dab864f12ff8bce,谢*全,******2018********,745****1502
i******************g,b7759a550a685531d7fc35c5ce8d4fd8,公**霜,******2008********,747****7088
y****o,e65c3e6880639feb06cb16d69a9ffb45,慎*伟,******1984********,752****6145
l***************g,381987d375be5b533fc11198005ab02d,党*之,******2001********,753****3707
z******e,e84d70ea7ddda5dcf9e516dfb30c1b8b,宓*夏,******1986********,737****5845
F****N,fb8a6749502e82a227620c2faf339f8d,戈*莘,******2004********,751****3384
n**************************n,655d0b5669fe248ff276d22009818943,钭*雁,******1970********,781****0821
a******h,7c115ee7afda07f194f930a54b8f4d51,梁*云,******2002********,734****1988
l**********a,a13390e0180f4de64a665a6fc1545b82,吉*瑗,******2003********,774****4061
L********************g,8b81404f551dd67b3053e92d0d93c765,仲*碧,******2012********,778****0671
w***********a,880caa9ce87470e19ca61f05e2a18481,公**能,******2001********,732****8811
a************g,50f2ef2955de1c6f7dfe5d6b9570bfaf,胥**楠,******1992********,783****9827
z******************n,1a46be489100d6a089358eff29b98f7a,仲**凯,******2010********,730****4963
w*****************r,7e264298affa34e9c537e15d65df6203,伊*晴,******1971********,787****2576
0*******l,b2fc7d1ca37f2c5a96b9350c04d9aa26,邓*,******2012********,791****4290
P**********7,2824e60f1925637d1d1cf9bca6397d03,党*,******1985********,733****0939
w*************g,ab62bbe85a76207e90445f63b974e1f4,奚*,******2016********,758****7794
L*************n,9592bf59c6b89a75ce02116977b11bca,石*清,******1977********,793****8326
l****n,54e7f933e966baccc0f013d6c158847e,殳*松,******1989********,759****6511
V*W,3cdcca64ce13ba9d2ee422478ed1689e,武*宝,******2012********,755****6270
o****e,9d439b82699fcb5e218458726b69bec1,康*愉,******2020********,753****9198
s*************y,dd00ee87d38fd3588bbe7e56d3adf3c9,信**晴,******1976********,775****9017
r**************g,59b658b86f405cf44906838b1beb6fbc,丘**禄,******2017********,756****8963
s**************l,bc3a2d1d7c89f0fdcc2348716433cc6a,贺*萍,******2003********,747****1110
w*****i,0f9d957a9440a6965ab7710bc07bcf9d,乌*,******1977********,781****3100
S*********C,2245023265ae4cf87d02c8b6ba991139,共*姞,******1996********,766****3445
f*******e,1518b72fb5274d62fce0ca2224b5c0db,申*惬,******2014********,758****8033
h*************n,585b66ed3c06f4cadcb3084c0a621437,公**嘉,******1983********,791****0223
g*******************a,0c05ca9586368be09d45e497c23f3328,于*容,******2011********,759****1524
h************u,490045d472a0a4b86f2bf5178437f754,陈*曼,******1984********,759****3733
s*******h,0f128f9eff80b639f3e8461d3e81b1c6,叔**雪,******1990********,750****7206
l******i,f30041148f7e15484084510846558037,满*,******2000********,782****9460
g****z,8f61daaa1533c2daf7a7ebca1254c3fa,阚*,******1987********,745****4546
l****d,b1816bbacd747555a75fd9723e9dce88,崔*,******2017********,798****1467
c*********g,d3565acdf66aaddf3ba84de21ca6a1c9,胡**如,******2012********,785****4341
R**************g,4ca146b20ef7b672a24354efc2664491,公**方,******1981********,734****8103
V*****1,bcfe94820b4ea7fc2d0371adf69b517a,惠*雪,******2016********,766****6922
A**m,86850944624dc8f0ea21655ae9304562,蒲*翮,******1985********,788****8018
V****r,93b2489395dc262842c4093c3a76642b,璩*,******1995********,737****1256
G*********h,9201b9931f8cf3b05fa8324eb07f04e1,欧*凌,******1994********,755****5738
z******a,2050240eef6b567793d62678dde05739,孟*,******2005********,756****2162
l***********q,1a9eb92d00dd1c98f6b00ab81b5ff941,黄*玑,******1992********,774****4258
l*******l,e033c5b73104a65c178be23391c8cc46,鲍*,******2019********,730****0767
l******************n,a97a3983f6da67d1bccad7e061eb3a42,葛*语,******1986********,733****1511
G*****y,b0d14c983d35d0bb2b1d34a6ab0d9700,戈*南,******1983********,756****6239
y***********A,19eec239670a488c11ddb5035623aa73,越*,******2011********,788****1300
w*********7,adb0b7951b0593d05cf4584afbaa0626,乌*名,******1989********,787****3363
w****************i,54ea807e5912b2e4078df41cf72d9ca7,曹*霞,******2011********,786****2910
L********n,229ebee1ac7daf6ba3c6a4ca52aa84c4,郎*航,******1980********,791****1338
O************f,200820e3227815ed1756a6b531e7e0d2,纪*颜,******1996********,773****6196
0**************o,01d6b66396ef568f6b6dd976c8543783,宁*行,******1977********,740****9441
5**3,aa890a4de63a97f87ca08ea36412c779,倪*婧,******2012********,758****3382
y*****n,77b4b0de62f556ad1d9b3a1736925435,赵*,******1985********,781****7851
s***********n,7c497868c9e6d3e4cf2e87396372cd3b,毋*,******1991********,730****9383
b******a,ca499fbf76ae244061937c7075763e20,公**蓝,******2004********,789****3862
x***********e,c25bc20582bf967805fd19c4347a917f,出**凡,******1979********,766****7289
m******n,89191a410a7d336245e5176e7f309b5f,于*文,******2006********,756****4942
x***i,3ecac3aeda492d64766ed36842f8c714,漕*,******1972********,731****2706
v*****f,8a6f2805b4515ac12058e79e66539be9,屠*,******1988********,759****0871
l***e,0f3db555926fd64e9db814a842e86dbd,夏*文,******1978********,732****3280
H****n,3fea97e3a48b367562522eb81f31b82d,关*,******1978********,796****8195
X***C,0f02bc48a8d49550495ce2689c766f26,能*风,******1996********,750****2354
H****1,cf1645631b82fb36fdff9c18bdf5028c,滕*玉,******2011********,745****3698
l*********9,80f9c48a112589beb70d68129f5284b3,褚*婷,******2012********,750****8196
N***************x,e982d14935a732b45d321055bc29239e,王**芙,******2000********,798****8027
z***************p,d8d4bad88bd3e402498dce4172f08f46,酆*莹,******1982********,788****3231
b******************r,37a08ed30093a133b1bb4ae0b8f3601f,戴*素,******1977********,740****1348
l***0,d39df703c83802d6333fc2d42cb47a8e,甄*珍,******2008********,740****7334
l*****g,15c00ad4ba43c9a5285094f1b5fb4fb5,公**桃,******2008********,732****6214
w********i,23d0a69e12270fa61563aec4eba685e7,殳*柏,******2013********,796****1888
l***************c,d4bb493b2532f69ff940e1d19d01e5ca,乘**宁,******1971********,746****6387
m*********e,606165065f1192c27dbe7d8d6f712134,郗*风,******1978********,730****6979
l****a,11c4d5f227466ac091e4808a4053f189,戚*白,******1998********,732****8405
H********************a,9ff0af0861adf377eb2bc483a6d5dfa9,丌**畅,******2004********,736****1088
b****************g,e98f473b8d10464f0c99777a8acb5add,逢*玲,******1996********,781****5810
7*********C,682e346419a7e9898008f09e846299f8,东**媛,******1981********,791****0155
y***********g,d0156c12e370faf06dfb40ade52ffead,关*颖,******1982********,790****1845
n******y,79d86ee0199a8c2001f4d087209e8681,唐*捷,******2004********,785****1506
D******************t,5f7bde670e5a9942922bc1382509d037,公**雯,******1977********,776****6588
G*****g,1afc323e5c47747c133cb1c8a5a20a69,糜*绣,******1997********,787****1359
l*******a,eb303325ecc4b216da330e3571ce8ab4,汪*,******1979********,789****3620
c****i,453e41d218e071ccfb2d1c99ce23906a,鲍*凡,******1993********,782****6067
s*********e,4c4e244209167c091f40e11ccf999ecd,公*倰,******1973********,731****3439
i*************n,2189b84b2f6dd2dba93055e28c70c2ca,公*涵,******2002********,798****3451
K*****************u,48839140db200d126c8615098298eec3,公*昊,******2018********,752****9140
z**********g,93831bc20bd038d73f8aeb23e9c3dd10,公**兰,******2002********,734****8780
z****i,552ee4a09c3e94cea517b3c10e4bd6c6,麴*婷,******1979********,766****4998
l***************d,3805248410673a8be6aa4807e61fb5ae,惠*彬,******2004********,747****8343
y*******************g,1f04ed452ae36f6f29be4e8721316a17,杜*,******1983********,734****4473
S******e,639994c769c58e832bd09b13d0f53fdd,韦*雅,******2017********,775****9494
p*********n,439c3dd44ce03d75e686c914a37fbe2a,关*媛,******2006********,778****4106
3*********1,6edb3426f5c2fa07d8764305504493bb,薛*文,******2013********,785****3778
b************z,8be904fd364ba4e81353aefd4714c7b2,公*勤,******1991********,775****8695
P****g,2405ea77f6cf0fab8589cd6a38e0c1fc,元**玲,******1993********,755****9974
i***n,fd08ab7fde8ebf5f49facc577d65606f,暴*,******1972********,774****2314
4*********d,f4d559f0133bbcdbd4b057872b2ac30f,殷*,******1988********,746****1209
W***************g,b1f05772af5e2376f4ee33099844f19c,丌**帆,******2003********,757****5382
3*************s,8d07fc62fc99dc9054758b3d76460930,倪*雨,******1985********,786****7314
D*********i,9452a60e5ef363a57fe01cbbb62adf43,闻*,******2018********,735****4252
b******x,5259a6e48651be94082a4c6df4faa9fc,王**荷,******2003********,735****9892
a***************************e,cc1f886db25a3b92d4d3a1b7d25247ee,屯**卉,******1982********,750****5103
p*************i,7a89d52c4a1754a5732bad8e3d407c61,公**语,******1989********,799****9027
p************7,e311dd5fd4cdbba780ea0d0062df7788,晏*晖,******2010********,785****9117
T******e,1bd82585f1fff98dd0c3f20ca2516d79,阎*若,******1981********,735****9104
R***************e,5dae4b5580ccc754850e57feaddc1c64,公**茹,******1974********,772****4874
l*******************u,f9fc7942e4c44f2692bc186fa7486dd4,郁*茵,******2000********,751****2706
b*****4,9060415b665659c3a6184b230f6816b4,尹*拉,******1993********,748****1563
z********a,3a4e24a20ad52afef48852b613da483a,公**夏,******1978********,786****0568
H************n,a95b5971306280c748dbfb92de6e50d5,印*,******2007********,782****4161
c**************C,cdaa915334083696a7647e18f8b22535,终*,******1982********,748****9050
L*********************x,635092b43f6daab6e117b2429f5e6236,南**奕,******1994********,791****9848
W************i,91d804b24837672e74969a2e690d0ac1,公**运,******1991********,759****3906
f******************n,c5b1e9dcfac7e919de02259b038b7498,公**文,******1977********,739****8707
x**********n,f94758c2f0618c7d9b16fd28b2d2a4e8,崎*庆,******1970********,785****6225
s*******m,ee707ce174caa44238bcf2927561de5f,国*婉,******2002********,758****0387
c*************c,b97dbc5bd60073d93714d98c566e0e27,贾*华,******1977********,737****2506
m*,015e8ffffc4536e84b3c111ee90050e0,屈**为,******1982********,766****8774
c********n,903ffb80b9a6e92c09030120e39cf175,容*怡,******2017********,767****4511
a**********y,c8796a35dddfc4ae790c80eb3e835be3,酆*文,******1979********,787****9084
m*************n,17a1e77f556a5a48b728735ec80d2c27,公**泽,******1998********,757****0253
c*****************s,6f376d1d2ca15737d4b03f32acc7b6c5,谷*欣,******1977********,748****8847
4*************0,642823fed8c52310fafecb6d53636209,文*丝,******2004********,733****8399
P*********n,198a0b8de14fe513c1db0f16d099c612,戴*人,******1977********,775****8702
z**************i,4d092789b394830e0fc1022445794499,邹*祯,******1994********,731****0479
w****z,fa058b8117555185e592041304734a52,简*柔,******2001********,758****5411
p********d,ddeb8c6cb86ab7f4b65247f9c9d51e17,益*怡,******1970********,773****3253
s***************g,ad48ae0f8139e311b682e35e30140c83,石*,******1999********,750****5724
t*,37169527f8167e4101a871e45f04fa22,陆*文,******1981********,776****8696
g****b,536e798a6b4ff16f87e8fbebde347f50,梁*馨,******1972********,786****9620
J***C,834ec0d0fcf122ead3fb09e0718cd1aa,侯*珍,******2014********,780****6617
c*****o,3df197effcbeff3d1106885c0c837464,薛*曜,******2017********,790****6608
b******************a,22f416ccbe7f4a6233498f940987d99a,东**瑶,******2003********,785****6560
w*******a,a8b8ba4dd005b0264f84061f77877ab1,袁*容,******1986********,774****1142
m*********g,f08598d3102d17a451ec6c371f776416,弘*成,******1996********,755****6678
K***********r,c0a64a92efada4f36e6f436e144d3c6a,文*志,******1975********,799****3439
g****e,be311c0ab6d77f0533cc9ad89a6a6234,屠**微,******2016********,799****1973
v*****d,677f19a58d85a171a55cfba737bff0d0,东**萱,******2001********,783****6744
w******o,e4d6338a32ac6f71e379cc54d1a333b4,孙*,******2003********,748****3337
c************y,f429004f7ff810a317239f0d633583d0,合*日,******1999********,731****4033
j**********n,f37dd99cd898e861fb31e6a4ebe877f0,何*然,******1971********,758****3924
J***y,f890148e3b224cf4b82d3afa53b59594,胜**菡,******2013********,745****9297
w************c,dab33a9794abaf1549f20c2832486d3d,叶*雁,******1991********,784****1486
a***g,1b9f0e45569e1fe8188bd52f692ad5ab,戚*星,******1979********,737****0525
L******************g,71f55003c9a36b40c4a094908f11fb77,訾*春,******2019********,749****8181
a****n,80133daa935535348866a9f19464ad4e,桓*楠,******1998********,759****3407
C***********g,b61b4e7ff305939f84bab2c2da002898,侍*姗,******1983********,775****4081
l*****n,25d848d1f97a6609e0a619f4e19ad690,熊*晴,******2010********,784****2932
V************a,4ed977fd8e9c937fef9cb14c2280b816,冯*康,******1996********,752****8663
w********n,9f664098aa42b931c60f617410ed73c8,劳*梅,******1982********,751****5231
s****************g,1ebca9ac391055c62f47e76cc2b7915a,汤*洁,******2018********,767****3788
T***y,fe6fa2db0e1a71c27d3fcc9c8aa4816c,王**巧,******2017********,755****9853
z*******g,b36e2f6f84c68178113e2cccf7fab27c,花*禾,******1985********,786****0270
J****s,a95c530a7af5f492a74499e70578d150,马*卉,******1972********,749****3394
l****g,cc38a783297c6040f3fe071227e0d128,冬**秀,******2014********,776****9252
s***************g,1cbbb5e5afe8f93b10e94a18ca08f065,韩*诗,******1978********,787****7650
l*****n,e2fe9b715ce1beff13a6c58a29c4790b,叔**娜,******1990********,740****1659
g*************e,70a637733282a710933060d229b3f69e,田*英,******1987********,783****5150
c************i,cb994ef5e5c9e58bd3e4b3c51f2b8b29,申*,******1988********,745****3875
c**********d,ddd3b02c63587167733c178bfb87a914,方*浅,******1991********,799****9586
K****e,30b113bc88f1422dde7406d0d1667940,公**漫,******2004********,753****0387
D*******s,101a6ec9f938885df0a44f20458d2eb4,左*嵘,******2002********,783****6178
y**************n,59dbcc469f774b78d383d021feee3c3a,郗*易,******1970********,799****5299
w******g,0fa7dec6cf3b790c29e2f76cb3b5c6ab,韶*蝶,******2015********,782****6480
c****n,eeb19625760b9c9520a7defc22ab7e12,古**州,******1988********,730****9355
h**********n,0825c2c1e223041eaf6b2c03a8b26916,信*兴,******1987********,777****8798
e**a,b32af65994c0ebb834d80fe4db81827c,郝*,******1993********,782****7172
i*******e,513106c051f94528f1d386926aa65e1a,卜*芹,******1987********,784****1154
z************n,086e1b7e1c12ba37cd473670b3a15214,郁*渺,******2007********,783****9919
z***********************o,06720a1189654719e12a41008d3fead2,黄*娟,******2017********,751****1931
w***********g,a4b6e6b153675ac7c5d2e6a1641652e8,濮*雅,******1987********,798****5529
r********s,3243abad8495079fed4de8bf1ccf3fad,公*含,******1971********,737****8047
l*******************n,09348c20a019be0318387c08df7a783d,幸*熙,******1993********,739****6753
b******1,4326b68439fa33773d7436a72881dcfa,索*明,******2003********,757****4832
c**************e,0ce3cd984a98a8e040bff56b62277d46,石*雅,******1971********,789****2822
T***************k,61fa74d8cd3f60398463396f0d67c874,从*柏,******1995********,774****5740
c******e,9c02acab0fbe457d530294c021f5fd47,韶*,******2008********,751****4804
x**********i,b3de2d267056aa27cbe44e9c246fecea,袁*天,******1983********,740****1296
z*************m,f49574c48b0ca0792afd5d819aad08a0,养*,******1978********,793****4688
w**********g,573034851f57c451b0ba6c44717ff528,中**柏,******1985********,772****9633
G**********r,6a934a7be8cf67cedba9894da9788f85,许*芳,******2018********,734****0508
b**g,1c39beb1b956f65493f6be3d079644ad,胥*娴,******2009********,772****5663
M****r,a3501c5146adbf144f8f856a321a94bf,公**瑶,******1972********,795****3222
h************u,811bd992031531c4dd1a4fd2d12c0c11,陆*柏,******1998********,730****0530
p****7,5958f6fa78e237499383d2b2596af0e1,养*红,******1978********,780****8162
w*************3,0667dbbcbda15b46254567d40688927c,冀*逸,******1983********,756****3633
p************p,5c32ec5f72374cf76673049ef29b0bdc,公*昱,******2002********,752****5517
n***************r,6f0cf74452641fe05febb7dfc4ba0ff5,须*玥,******1995********,775****6888
w************a,9d22857c8eebd0e7f7e4b03df8732339,申*,******1994********,749****9846
f***********i,90eaa36f769d5b974185690088c3e40c,公**恺,******2016********,757****4601
c******n,b9355c2e67d949d4c7e6a3f9eb31765f,工**蓄,******1998********,791****3143
m******r,4a05dee3f84ed0562b1805fb35d653c2,党*同,******1987********,755****6765
w**********g,56eb27f5d3d958cfa203446ea241dd53,宿*瑶,******1990********,747****8988
R********l,6e823d889750206f334ae843fe04d42e,融*妍,******1971********,780****7622
j***********g,ef209c9343ca8c715265781876657b18,申*溪,******1977********,790****0948
l************r,ac01abe42b4f66dc953eb44b33a2faed,司*蔚,******2019********,787****1290
b********7,e0fd0c07a63ca759f99ce24316a2537a,芮*柳,******1977********,731****5009
l*******g,f313ab4211d40e76da778b948de8b4c7,成*,******1970********,739****5855
q*********l,48f4eb5ca5c594d87225926134c51bb0,韦*凡,******2008********,737****8993
z*************i,ba44e622a04a76beade0da36a3760d76,祝*芙,******1973********,784****9665
p*n,3fbde33d5487d3c1e54e0e136e5ef782,廉*龙,******2003********,778****0031
a**************************n,3f5c2b8cf3d9dc73fc8df3e6a95f1c9d,公**童,******1978********,784****3796
C*********t,c3d7ff178c4bb1f53c5f70c2ba66c420,卢*悦,******1975********,790****6554
b*************a,dea72c69046e5530aeb09e03e43f01ca,傅*,******2017********,735****3463
l******************e,16d7a4fca7442dda3ad93c9a726597e4,孙*朗,******2001********,776****1075
l***********e,c208e772b83475866e384f7123ce7282,成*,******2009********,731****5393
W*******n,fae262e4c1e545642eed8d3a3e8fd89f,吉**影,******1975********,731****1341
T*******************Y,62fe7dbb0e1b442a4b8d2938cbdecb48,乜*天,******1990********,787****8400
r*****y,e882b72bccfc2ad578c27b0d9b472a14,班*莹,******1979********,733****6502
z***************o,4079316efe56d5176848bd9aa2220426,公**龙,******1992********,748****6493
m*************g,7a1d274b335e658f71168e029d996f53,公**群,******1988********,795****2408
m********n,90f77ec1305e94140f5115964b8b6f6d,周*蕊,******2020********,753****6709
S**************y,8607cc2312cc1f0b301bee4dd8429208,冯*海,******1974********,745****4045
M*****************n,f39bce6e3ae2fc422847be36090fe9f6,薛*晨,******1993********,752****3525
z***********g,39bc638e5f2d30c5fd9e9199b6d15df6,丘**云,******1978********,773****7215
A*****d,5bf248575ee94bb993153f8df57ba61d,舒*,******2004********,756****0476
c*********y,983efe93dff661300b0e053916e5f09e,时*晓,******2016********,777****2287
u**********g,82e313b8ec18c2ea5e6e94df1f71f21c,南**妍,******1971********,735****9792
c*********x,159f65243bed5353c88351780e121cf9,叶*迈,******1994********,785****4147
s*******e,cdf2c06b97543384c6ede7f8d6234f1a,曹*,******1999********,738****6375
x***************u,fd87fc8e0f4ef057b6647abda4867976,冷**邃,******1986********,757****7323
w******g,3c7a71e1b859a94a35be988b0e7a633c,石*海,******2012********,740****1251
q*****y,aba369f7d2b28a9098a0a26feb7dc965,姜*彤,******1975********,781****1219
b*********L,25c87f9c6af617fb58927565e1a11c14,松*纬,******1992********,788****0949
y****************h,544ea74159cb48c64e73c33c69e47212,工**茹,******1992********,739****7293
X****x,1702a132e769a623c1adb78353fc9503,左**杰,******1996********,772****8554
l*************n,2e86f17559afc7f68d66dc02c0cc7e55,戚*双,******1977********,782****9513
r***********0,6cd3bb5b9867135b2d822fa4bd28fe0f,公**鲸,******1995********,791****0823
f*******y,892277354301a3c45473a67813d6d0b0,钱*,******2002********,755****9696
m************e,b4c8f24606d77df25157ea83bf4fe379,逢*,******1971********,756****1685
q*************************n,aff6d880970e889b73e79bb0382beaae,暨*荣,******2018********,736****7236
c*****************n,9f60c83cec52566e75301fae80aae968,于*,******2001********,752****4426
y************d,db2439cc4d41a7dba5401d85ac0342d1,鲁*绮,******1997********,736****1552
w**********n,358ca731b1c7ed49bbe18277de511590,孟*飙,******1973********,748****1900
p****u,ccc7ca9a0cf699e4ffa3f68f82d64c33,余*,******1985********,752****2077
t*************g,17173ce010c11430670c93a38615672d,工**耀,******1993********,773****7874
V*******************u,bb592452a1c65d999eb0cb63e74fadfc,李*洮,******1972********,788****0071
0***********i,63c24f3b5bb9e59c2e0e52d8c0be160d,贡*菡,******2012********,733****0996
x************************m,583b460b436f4e14d6bcbaf865f815d6,侯*惠,******1993********,752****3333
c**o,2616c134ceb1cdd620e67e14d212f12a,盖*,******1972********,795****4292
h*****e,a29945adbe769a71f40998276340a584,钱*,******1986********,766****0434
r************1,54021f5a9b95ac859c7984ce56df9bc5,公**勇,******1991********,774****7886
d*****************g,cb90ce7e8dc96d021176b0f33dddb050,即**滢,******2008********,789****9433
w***************c,997906e5773d2c7e4fedccc650173847,臧*,******1982********,740****7896
l***n,5e6ee1e1a995ea3692c17e3e94aa06aa,林*专,******2009********,774****2904
z*****a,6c2b3c329204e25d628869d718a1c87c,冯*杰,******1996********,747****4195
n*************k,de3fd206679b56962aa1a7d1773d046b,储*美,******2017********,767****5840
l***********1,75dd7c4d1477b14bd6a050b2b448c3e7,孔*爽,******2018********,758****1442
g***************o,64aee0c167a1d384058c9128ca8c931d,公*瑜,******1985********,775****6889
O*********n,f55c546f1316e133f1d74fb1883f2812,公*,******2008********,777****5952
w******u,0082c14a9de6660fce66830ed96a9e05,岑*,******1989********,758****2714
R***y,b8f31cc179130d3d0e5b7916c75ff163,龚*欣,******1988********,782****2001
h*****g,153fa52654465ad67f045dc293f3b16e,邹*雅,******1986********,751****5580
M**************i,cfd89df165b41d762db4fb2f295638fb,逯*,******2010********,756****2173
g**************a,3d24b838770ee90773804e8599e549ff,宓*藉,******2012********,750****0234
e*****n,0775d3c1441ed51591b88bf73cd62950,边*真,******1970********,755****4805
z*****************r,d0a02ef36f68937e25a9897b149ca07b,芮*菀,******1979********,785****0272
w*********n,8ec5af667b7be97ddeb18db02882607d,弓*志,******2009********,793****4818
b***n,92fd2a305c9e5c35a8f29ece33fae0c7,扈*赫,******2005********,780****7882
a*******************d,eb0be07f251ec81e5d8aa5fb298f7a2c,京*岩,******1975********,783****3213
y**********u,734b89b57c860ec14007f78cda09342e,阚*洁,******2008********,752****7743
M************b,d5f0e409cd4a9b926e87504b1b8c790a,公**亮,******1983********,790****6685
d*****************a,b75e4fb54799c43305838eb1ef94cd9b,蓟*涵,******2017********,732****1199
a*********e,70852c5f58d61636227f8dab5968071b,公**雪,******1990********,785****2312
p*b,d3c64b50d775015fc502d5b52f8b213e,张*翮,******1976********,753****0015
H**********8,3e713f4211ac1eb6456b4b95b8949843,明*丝,******2005********,734****6154
q******o,cffbad68bb97a6c3f943538f119c992c,湛*涵,******2014********,777****3816
p*******************e,560dcdd511998f11b19c9a1e42bd0f57,蔚*玑,******1972********,788****3418
x*****g,edce4c11a67df74b73b1d9354849e3cc,倪*芬,******2020********,788****8659
l**************g,ba158b6d94ce861ee0c6b0f6ced50b24,章**渟,******1993********,785****8063
a***6,d29d725395ea09dcb28ebb18da111d1c,程*,******1977********,750****9468
V********e,4547d8dd84da35ded67d7096f1cd8e94,公**桐,******2007********,785****4396
X**********e,1616ba7cded40c2549350da7578ea096,农*,******1978********,789****9631
J*************y,d0f14185b0783cc3a93991ea8a6228a9,同**桃,******1997********,773****2231
t*******t,5b5b45f40b2460a604ccb45e09b85bf4,羿*,******1981********,736****1339
v***********g,e59cd30a6317942433ca060b34b32f0b,厨**阳,******1994********,784****7957
0***************n,cb75fefce4c32da8c796255d63239f8d,权*华,******2017********,782****9416
J***r,a02e86beb3df293d06405b00e0f99434,屠*翠,******2013********,776****0695
s************o,7854effc592e64c559edf51142f7ef5f,钱*文,******1974********,775****2479
H**********n,dcdb37d2c3890567ad9c6e8e9f56e28b,文*,******1988********,736****2899
N**********a,85f889f211ef43b280cf5c9b3c32b06f,戈*,******1987********,759****1284
n*****t,105cdb24fc16ee0e339e98e1819d7102,蒙*亦,******2012********,791****1238
k***********a,1c817e8d2b81891b9d69cae4ee713214,庄*年,******1985********,789****5743
z*****************m,e52631addb01d9dd02b1fb4580cb0536,常*文,******1999********,795****8297
A**************g,e2599e22c607381446771ae771101353,冬**柔,******1976********,766****6007
w********i,5ad23bbcb26733b6a2dcad6a85f993ab,公**梅,******2009********,784****4494
s*****n,3edd90610bc7a6d80429a60bca544e63,终*龙,******1970********,766****9775
d*******r,5362cf75bdb5925ba01c1f489dc39f33,满*丽,******1973********,759****7741
v*****************a,bcd2bd288c3339b66948dcbfed21abd7,习*冉,******2011********,735****5724
w*****************n,82904a6c364d0162bef7c4e8ee1f998f,公**业,******1986********,758****0998
v*c,f57b8edd42198255219b6b561793dc20,公**云,******2009********,737****2946
C******e,47b3dd0516d73fdcc561497aefbf6113,李*静,******2011********,739****5804
z******i,10ef3b0bc10e4aff4a37732e78a9dd9d,卢*,******1999********,746****9934
c***r,4f30e905b4fe3597cc967b1b4cd91e6d,傅**英,******1992********,739****5802
4*****************c,2a80878fb09ca4c315a7f834a60aad98,桂*果,******1992********,738****3597
c*********e,a2f9542198286e83c68f034b07867a1c,公**春,******2006********,778****9412
A***********a,6c491a26a39a593a78f0e28c986e1e27,南**禾,******1998********,747****1452
s*****************n,b16e8bf35f5fbde56123bd4b4e65d375,工**之,******2007********,791****4990
P********g,fd456406745d816a45cae554c788e754,贝*彩,******1984********,739****5778
i*****m,b255ce460d024b51153f3959f48523a7,康*柔,******1982********,733****0752
l******n,12f9a4fe33533d284e908904240c98c4,东**柳,******1999********,749****8517
b**x,0ec173788c65dd08da60575219707632,糜*虹,******1999********,776****6521
f**h,119f13f755454a9040075167a5dc7a3a,韦*琴,******1989********,730****5522
H************a,eb85f9835fcbdad6e2a4f69f6269f2da,杨*婉,******1987********,756****3640
w**************e,5fcfd41e547a12215b173ff47fdd3739,冷*妍,******1973********,775****7914
c************u,6c89ec6ea5800784d9f86a709cc22232,厉*畅,******1995********,777****4221
h******************0,bc515f493e306b37986f195d9e4d6440,公**纬,******1981********,780****9329
h*****n,68842fa33601ce04314248348d693b92,汤*,******2006********,798****1926
D*****************g,01cfcd4f6b8770febfb40cb906715822,沃*,******2015********,755****0696
t********0,8190df775c1d7ac91af30eda9858da0c,戌*志,******1984********,773****6447
y*************5,c551bfb26644fdf364343e682ecc44e9,宋*德,******2016********,766****8872
k****************s,7dc8d80e37dec872b2ab47f23146deb9,关*,******1970********,752****1843
z****************************i,03150ce62564ec4239d7b8750b3f8a11,靳*乐,******1975********,748****2608
p**********n,c8724a271f5b46c54815d1b643ad25e1,邓*昂,******1986********,793****5994
l****************o,e49b56863e5a048315543327f88a9404,钭*楚,******1978********,735****0354
n*******************n,fc56268c639ea0d22a6c3ddf65ec06f0,师*妍,******1982********,798****8395
l**********b,73eb8e37aba0cedf6be28844d8bccaf9,隗*芙,******1996********,778****9996
a***********n,e66509d3b251aea4dcf65b77d3676010,弓*雪,******2004********,776****8304
l**********j,d72545cd4211572e0aa1a384d3a5f49a,晃*慈,******1975********,730****0741
y******g,2b2df9356579404d83ea39673827cabc,禹*裕,******2010********,777****7081
c******************g,2b4b346e16184d405858a2aa36fc6f37,华*夏,******2012********,785****8113
l*******g,8e3c82bbe74ba6ca39e4e9add7d8ba2a,吴*风,******1970********,799****7588
S*****D,7cbb3252ba6b7e9c422fac5334d22054,公**真,******2006********,771****3972
l**********n,f4f645ba013252f215fbbec0de8c4df7,付**雯,******1995********,791****2326
h******e,839620aab9eb4e361ebc23e48605c847,钟*柔,******2012********,733****1866
h**********n,e34d6d2bc9ddabe62110469ebc971329,仲**佳,******1993********,732****1476
T***************y,5499885dd22173a31b2d28991ff0d28e,信*祥,******2014********,780****5140
r*************g,710b76a5009662bb35e9d2bb269a8f61,吴*畅,******1980********,755****2615
l*****i,37b6b9e9131b565a3ba5000a99e74374,叔**咏,******1970********,731****9951
y*****************h,6f9c4da158abf4358102b847d306d8ce,符*熙,******1982********,782****0917
w*************i,00936b9285d6b8665ae9122993fb8e91,宋*思,******1981********,745****7041
c*******z,fc3905a1fa17c77e008ea0c8839a0ddb,钟*彤,******1976********,748****8489
4*****************r,defac44447b57f152d14f30cea7a73cb,毛*,******1999********,737****4334
l*******************g,f1bec0c309b22c71f2899ef0dfdfb346,工**珍,******1989********,748****1337
l***********o,b0a4fb3023eb1a8a2d0a0545f8725728,公**绚,******1988********,767****6123
0******c,9810f69faa19344a027681b8709abdcc,贝*赋,******2018********,799****6770
x**0,0b752ee5e13cf9cd563146fe18da0fb6,闻*莉,******1997********,749****7446
l**************i,bc9b5718afdffe85fb13555347969ff5,丁*欣,******1988********,756****0728
s****1,c6fa2eea3b03e32be53f308681c1f443,乘**秀,******1991********,778****7882
t***********r,d99886712a726a3d7d74526dbe8a2b5b,蔡*睿,******2000********,780****2838
z**********k,a49c268e486391e8e3587a5461fa9015,崔*流,******1989********,790****7533
x****r,01812f6c16d8df030bb05a1f1d4fadf4,郁*,******2000********,751****9159
l*******u,268e54954ba6b0a61d72c7fc71cf4c9b,古**舒,******1990********,733****1067
w*****************u,45ee6cc352bde62734e035005dffaac3,游*扬,******1997********,750****5655
Z*********n,a91e76406fc111af16ea57029ff8bb33,韶*英,******1977********,759****1393
s************1,cf55ce9207c4716fb54daf2eafad22f8,元*玑,******1988********,737****1355
l***************e,2181546e52b38454bdb86a32e1a8a40d,余*,******1988********,751****7748
n***************s,172a792213d4fedd5b3c2012242cab15,宦*蝶,******2003********,784****9979
l***********i,1ea5d626c97782c07c0b3b4a21c1e729,禹*志,******1979********,774****4310
i*********U,04604f08421679c14528db3c08a66d97,车*,******1979********,734****9103
s******o,1fd28890e7e29dc6148f356d9b971d5b,叔**华,******1983********,755****3898
l***********a,d80544d6e6237c8e0e900545759da6c9,公**芙,******2018********,734****8445
w*******************n,407fec6fc979e166dc8b8cef3be6e12d,公**雁,******1996********,746****6625
w***************r,e2211ed74c5c31d8a71f479059e77b4e,温*媛,******1983********,732****7838
M*****************************g,b146a8a5d193d5dc82b8c2074fe46898,出**旭,******2006********,732****4469
i*******a,d58f2170fedb27250f52b7b0409a5f96,冬**化,******2010********,767****3618
w*****i,12b234bcc3cfc18af0e45ff83c45558a,冉*梅,******1986********,745****8026
c**************************t,767cd35f8333ddd0589ce9c0ab4972c0,南**石,******2016********,766****4512
S*****************g,da9ddc4e39a49ee8a2f3e7ea5138e18e,富*,******1979********,781****1267
c****************g,b452ee5218960dbcdc743ba4f18581a7,邵*,******1996********,749****6622
t**********r,7c07ca1b086a72fd284180293beb75b6,卢*萍,******1988********,789****8491
c*************y,c0c26427167e99e718cdd863e683d497,宦*菱,******2003********,747****6589
w****************l,4999644a5eb7bd56311478a71d156106,章**双,******2014********,738****7531
i**********Z,c68abdd29ee31374e847ca7d7225c840,伊*浚,******1992********,737****8918
c******g,72da43b6f18c8c03b59f387e6bece8b3,屈*,******1997********,757****6765
m******************g,17a909eb40b6def3e78b2be0a4d9dc9a,那*心,******1976********,748****3402
d*************n,1a0293aedbe9d84d5f969558e286c5f2,龚*,******2004********,782****9185
R***************a,f63d1f0e4e045af4136fb9fbfd99d877,公*镇,******2020********,758****4347
z*****o,6d25636294fb786c5239e86f0ff1c27e,费*波,******1973********,759****8011
a*****************q,bca252e8c2cadf13631595939b579ee4,于*范,******1974********,756****7324
o**********k,547b957f2b45a4bac999101f61a57e75,訾*媛,******1982********,733****5888
y**g,e710a945889234bddf2a295922136a33,沈*,******1977********,737****9140
s*n,1dfa8a977ed7bc1169fe4973c267cde2,蓬*文,******2018********,784****2059
S****y,de58ca6a1dfc5090a1457622a9c1525c,白*美,******2018********,749****7498
l**************g,92b5c243a48dd329e9c91f4bad2e9bf1,步*凝,******2002********,736****4388
S**************i,d9a5c62f0d7ced80359c9337404d6582,茅*,******1991********,734****0324
l****i,61ff6403cbad17d8292fdd317e935138,宿*晖,******1989********,795****5087
p*******************i,78b63a1c7665cc19d136395a99d6fcc2,穿**禧,******1996********,751****8138
d********s,dd299e3d294bb3ac24f10658f2b9c0b8,彭*捷,******1978********,730****2326
t*********o,d37f4e03ef5635224371b6db2866af11,盖*,******1996********,775****5037
l*************i,254b2c7842b596c4e41bd4ad0d64b8b2,巨**瑶,******1982********,730****0321
l******f,8b94b8d48a53a0992642506f300e4766,侯**曼,******2006********,734****5399
l******a,27ade1b64f9515dbb776cc3cc5bc3377,邰*熙,******2010********,745****5501
l**************g,357ee4895d770ec6ea52d7cbc9aee693,公**秀,******1997********,758****9518
5************g,5965ee66bc3b5c3836563655297425c6,奚*飞,******2012********,736****1151
M*******e,f1aafd2630d9b2816e903f4345154cf1,司**淑,******1988********,767****8812
y*********o,a93a5b694f753d23056f1571b828afd1,蔚*玉,******1977********,767****2632
n***************n,926b819fba3edcbff94edd44f6a9d5c9,公**诗,******1978********,755****6536
J************n,a16ef9bc973b0fb06af416dd9607369b,殳*,******2014********,771****7446
l************o,c2cbe299e55110254280353590708d85,宫*,******1996********,790****9615
j*****l,4d6d955ca289f82e3a6e1f52f40108f3,臧*曼,******1975********,783****8913
B**********s,b5055da28e70ed9f44340e30449d20d0,廉*,******1988********,776****3125
d***********r,fe743d8d97aa7dfc6c93ccdc2e749513,叶*叡,******1979********,774****1736
l**************g,11a8eca69163ac57a64ee425f3af365f,逯*寒,******2000********,796****2994
w***************z,18aa06f34c24b6ee8431cac53174063f,公**明,******2000********,748****4808
r***************7,cda18f90eef6177261f0e8b4937f1ce8,屯**明,******1982********,745****8155
t**********a,caef6e9bdef7cd8b34bbc15b97bb70a8,芮*光,******1991********,766****0160
t******1,54cc018c0307e454d9b0a305de8ae997,巩**旷,******1976********,795****8140
P**1,b5c0b187fe309af0f4d35982fd961d7e,东**琴,******1974********,747****8262
B*****s,7274a89252106d76e7b88ddff095c493,游*伯,******2000********,793****8430
j***********g,926d61bbf37d585b3db5354f90288b69,菱*,******2005********,786****7490
l***************n,97e140b24a67e454f6cc7891682b601c,瞿*,******2013********,738****9580
S************g,ad0a87f59248b626d981d4dd72aa4b70,公**荷,******1990********,755****2897
x*****k,2d5c53fbdf3180518bcea54f1f9e02f7,禄*迈,******1989********,739****8924
h*******e,a2c119fddc074cc41c68ef34bb037c50,瞿*梦,******1985********,783****7143
i**n,29f90ed3e97040822ddfbbae98117ce3,黎*,******1990********,798****4209
y***********g,01fc500790e0664ccab09f4725cd8949,郎*青,******1984********,759****5334
l*******n,12fb3e9b2679336ed59b8c5f9a864038,符*,******2014********,786****4776
l***********o,2c1cc30234c9f4ae961ce09cea136c31,班*儿,******2001********,771****0529
l***n,2a2d595e6ed9a0b24f027f2b63b134d6,殳*辰,******1979********,777****8326
A*****n,62c60727ec02c204fd99b0423a59bea1,贡*,******2000********,751****8867
w**************a,d2df9d5d3d81a18ecf2530f96e57e78b,徐*,******2016********,752****8988
S***********n,66470f8480a3eca08c6a2d563fe83f12,侯*霜,******1977********,776****3023
1**d,14355539d1be2d72a7c8fbbd05486e0a,牧*蕾,******2005********,773****4136
x*****************u,07c73ffc2f1a7e9f7497362105700141,公**萍,******2018********,773****5390
s************r,e08dc7879ad91e3468df7b7fb716c0bf,晏*空,******1982********,789****9863
w***************k,cccd70e73e89452930d785a7235f4aa9,禹*翠,******1978********,756****2731
z****************s,7c47cefb65732372c7065d6061dd464f,弓*寒,******2001********,789****1425
S***g,3d3163c45ffb4c9a2893fe32e25ff942,宋*昊,******2007********,783****9046
m*****h,912ec803b2ce49e4a541068d495ab570,石*涵,******1996********,749****4279
l***********g,3d49156b2e5e0371d72dfd15f63d05b7,侯**青,******1973********,780****5691
G****************t,228710cf6a83766578e7d6c9d6ac4c8c,糜*群,******1971********,772****8744
a***e,2b9b024962cf9a8aa8722e76714121c3,公**瑜,******1991********,793****2641
c***************g,f057a419496bda4bdad4862a4b6173b9,公**霞,******2012********,740****0971
f*****************i,e6b203dc1a93c527a9225899d8c1a083,辛*,******1980********,749****2918
w*****************g,353a69832949d7c6f4ab1e4b5e38f5a7,扶*雪,******1988********,740****9907
B***********g,3a880fc8e4ae69ea3cfcf7a2ae70dc52,武*壁,******1994********,747****4882
l***a,5f94b62623674ee142c584a9d156b604,蒙*许,******1970********,739****3143
l*****************n,bc40ce31b220da8ce68bf5c0f8131ce7,屈*烟,******2020********,786****7142
z********************y,545bd0b6eb4c3bd617e6d9b80f0eee6e,索*,******2001********,745****7377
i********s,39e3dcadd5a95f049fe6966cecd75dde,端**姝,******2004********,752****8455
H************o,9c2845863f114e6db26f8efd89084978,印*,******2004********,787****1337
J**************g,e7c3d69b2b9adc5b354c9b4badb64683,毕*怡,******2012********,749****1657
l**********o,5e5f81d5807e7b035d7f403ec4946632,冷*柔,******1977********,798****9154
T***a,77218590cd05f2965f1ba9b4745e1ff7,胡*翠,******1971********,786****1127
n***************n,d464ef28ec822a84a21604a0284c6d72,满*薇,******1999********,766****3844
w*****e,2d1a29cad96494710d14e8a2e4df161e,乔*蓉,******2013********,745****1693
N****************n,fb62b8d7118f25608ff65c45032f1f6f,麴*运,******2007********,773****2950
l******n,6fe2460871660776da9c903060d9b029,公**康,******2003********,766****1937
L*********e,d70cc6b87dba7ed7c807cc8791d57ddf,邰*霞,******1974********,733****2443
b*************n,475d027e1d298d262604e51cabe53757,居*寒,******1982********,734****8262
G**********0,2ff5a6d46ca52d1ccc909b6873524aaf,越*泉,******2006********,753****6865
l****g,95a4970b08c0c3ee29f57eecb822fef2,田*泉,******2014********,790****6944
d*********2,2f4e7641dc2c9b6e7d8753333f880353,褚*鸿,******2015********,772****0593
j************n,4759262c338a0e7cd3beb2cfb75542a7,费*智,******2020********,738****9910
a***********n,e396bbb053529d2ddb17b100aa04d7c5,麴*文,******1983********,748****7519
d*g,84bdcbda81f6f9708f3b20848f1d32b5,戴*,******1984********,757****7998
l***********e,4594e71ce9dd4fbfbee2a01655d86a7a,郏*石,******2002********,795****5989
d***********n,d5e87529a02dba8fa1143a8d5b7081cf,广*芬,******2012********,735****6613
z*******************4,56fe988f808a4da373d9bfa4d7fd8557,甘*华,******1983********,793****6510
l***********g,69ac0edd875579e3a2600ed1e1cb24e3,姜*波,******2017********,747****3589
z*********a,862786f5ed4650814ac8b0d838cc2a80,鱼*合,******2006********,747****3538
c*********g,4d28b1e67a55040e2851b02ad3dc5c69,蒯*羽,******1994********,735****7917
m***********n,df3d67feb3cd6630eadf2d62e30270ca,姜*果,******2010********,738****8212
s*********************r,50f552d78e0abf4e2324d6fcbde5bb95,潘*范,******2005********,791****4032
l*************i,62cf7e9961440e7d4c3a7819e1c50c0c,信**阳,******2012********,737****1185
g****m,ffc97bc92a999e4be146d2cc3ce4d705,卢*贤,******2008********,799****1350
j***********o,3ef90c37a52c63e6f3cd776b229d07bd,戴*靓,******2007********,731****7141
j****p,fde26ceae7ea25fc31cfe017f36fa0bc,公**绿,******1997********,737****5854
l********i,4ec45ab5c1629a91b9c87898c8a60f0d,那*,******2015********,798****4215
t***********n,9a4843fccb863882e4c8e3604216ffee,束*雪,******1976********,791****5616
W*********b,e0d9d3862dfb270de65719d43749df5e,公**韦,******1983********,791****3633
c*****n,54f30b1a95ea3ef8d8729d5020667ecf,公*凰,******2008********,733****4272
l********************i,413f1fca0992a3a2bc0c2fdd6cd26d2f,公**彤,******1980********,736****8028
w*******g,1cd5974eecaec1da4f86bb081cf0f4af,阴*畅,******2014********,753****1278
w**************c,ed28703e79afeb8bfea73fdf8c9ea393,宓*侠,******2020********,766****4625
T************n,45f9a28ee5545525ddc3175378872b4c,耿*卓,******1970********,777****4518
w**************a,5d769b6b39b15bb7584d457710c8dda6,徐*歌,******1974********,776****6912
h*************s,e10308cc2fc51c111dc5cdbc5e81b077,成*馨,******1997********,753****8059
y*****i,24cceb6fd9068f2dcaab25a8798c4442,古**语,******1998********,733****8555
g********************n,c604a1c8783517c62313bc3b17be35d2,桂*,******1976********,796****2598
e***********o,8cc9ff35f6d2739bd8c5ee965e47332a,詹*雨,******2004********,778****3400
c*********s,4faac818e92cd62ee0c568218ef25de2,公**惠,******1996********,778****1261
c**********g,7c96c13441667ed68731ddb4d721737c,侯**莲,******1977********,731****6206
y*********g,4277b1f628102109a24c5cd09a42a185,璩*梦,******1997********,784****3741
s*****************d,d574d2e3f2a11c90e3d792bfb7fd99e7,公**彩,******1995********,773****5734
N*****y,5b7c7dada2b740abbe26d0b4d3edfa3c,乜*之,******1998********,785****5758
h************r,3e773a100f81b213d23926e0ab1f43dc,郭*,******1999********,731****4217
4*********d,6d6b77b030daba6485aafaf45d310abf,田*,******1996********,740****6609
h**************y,c3c4f24f2ce93ac0d3bb50feca86ed3d,柏*哲,******1995********,799****3885
z******o,f3cbba05723a2dee2d1e976dfe6e3a00,利*,******2017********,749****0856
h*****************r,278f5949d8bb9d63839c713bcf7b4597,公**火,******1980********,757****8132
y***********f,a6bfbc9fd9776326f7c5d52fc7467e0e,暴*悠,******1994********,789****5754
l***********2,ba840a331b2ef7632df8dc14e40302c7,储*山,******2007********,799****4078
z*******g,39a9d01af60d5c6dcd94b61f0f2e086d,古**悦,******1973********,748****7419
l***********n,667a968e2dc0c80e3dd8e23209e5e7e3,蔡*霁,******2016********,752****1903
w******************y,c2a80eec9b290f9517c486f8c76419cf,乐*若,******2016********,745****9379
s*********l,0bf023d34f13d97bc9940c4aa4444140,司*文,******2012********,759****8855
l************************u,6d9591722fc6b1988842487d7bc2d6d6,公*莺,******1977********,759****8567
Z********g,5d7b640cc5d233151e6bbda8df4236dc,仲**池,******1998********,773****3588
m********a,ee987a50d360e8df9b78e5d84f85a191,章*范,******2003********,776****7874
a*************g,27ea856297c9657cbabcff54967652f7,卜*,******1982********,735****3976
D****e,ffb23a873a0b127a630679e819dfd5d3,祝*伟,******1973********,795****0850
w*w,2b31525a4c099fc30f6662b479578a3b,菱*贞,******1970********,756****0629
m*******e,bed43ed47a7b083b6058ef6f547beb68,沃*华,******1982********,733****3755
c**************2,532cdaf37f9d09a61d1b793120f5ec02,左*鹰,******2012********,786****8791
w*****n,c293048f9e4415de9d3c28705d5c4646,茹*澄,******2012********,777****6791
w*****************1,8d7a6308896dd9988b727a37a94fcd9d,郭*,******1979********,780****0612
l****e,d68e84140e6956552ce2dd8edc2dd627,何**旭,******2006********,784****5846
w*****************o,d6f79e4deec772ba6ffc0d36b0e4db59,璩*蝶,******1973********,782****6143
a************g,a2f5f4dfa4cf686ccca660bd7902bc36,罗*松,******1998********,772****6472
l*******a,2c8dc19f5d1a48e41333b82c1b33c145,屋**超,******1983********,784****5481
n***********g,7d22e88de4a3dcc3810c5254cf19d491,陆*新,******2018********,746****5845
w******g,e56a70fd16bfa9eada97d27d5f2c54bc,桓*义,******1998********,774****3115
j*********g,6b4dccfb69c362b172bafdfc60c343e1,褚*琪,******2018********,738****8854
c******g,b60534d1b913f576338ff00060da0298,公**媛,******2016********,771****4282
l***********c,1062a071134ae79b6334f66ff2081338,奚*美,******2014********,782****6972
J***********n,8fd60de7e5ce9bd89098c1a9e606f317,赖*易,******2012********,733****3586
P*********o,221d9123f0160352578878d99aa7f379,姚*雪,******2011********,733****9032
a*************r,131c493581b5e7216dc730e426acb7b0,京*琴,******2011********,773****0941
s**************n,9c0d0e222f2e04ac70b28186be3b2e7f,毕*玉,******1984********,796****2203
l**************n,57caae3d9d7b62179b2f46f886027f1a,欧*蕾,******2003********,740****3028
c***********1,ddc42894e21b5b3155dfb1cd8a9ac423,乐**月,******2019********,750****6395
w*********g,0c90c89707308c86f548ab3f3a3116f5,南**范,******2013********,780****1420
K*,5b12c4dfcd0da41c728054f277357673,汤*涵,******2014********,755****8283
X***************i,81c532ad27a81c51336c45511f7a7d47,充*,******1981********,746****1991
l****g,c3b2b66a694f373e641959bf70edf363,浦*萱,******1978********,793****1119
w******g,ca706fb33900ec62dc375fc6d2742339,公*世,******2010********,746****7437
l********y,e471a0204535b1114410f759780cc898,钱*然,******1984********,780****6904
w*************n,37387792f28daeec7ffa841dd3c39734,韦*,******2019********,775****4083
a*********g,31e8fe57fa180d418afd48c3af280c2e,公**空,******1972********,799****6321
c*****************g,ad035923b4c2b878677421b8cc9b0a2d,谈*,******1972********,752****7814
v***************************i,9d62846defd802fcbea5cfb783d4f721,祝*,******2004********,782****1486
l****************i,50b08b4157c8ececf944c047c26aceb7,邹*康,******2003********,785****5797
l***i,d1c2dcfcbfd41ce1103a25475b64f7a5,弓*水,******1979********,784****0782
l********m,26fdc47f9dd4a7de7cb47c5b724b0c2d,古**瑶,******1988********,785****1579
l********n,4d4de86cb4067126b5ea40a62c278491,丘**睿,******1996********,738****5291
w****************8,356555798ae73ea65372736539098ac5,米*星,******1975********,735****1525
s*************u,e3a61b8899cca72b050bd0f11d2acc99,卢*,******2016********,799****8251
l*******n,2569d419bfea999ff13fd1f7f4498b89,薛*彤,******1989********,798****0634
l****i,86780bd5c039f606162c443afad3a227,宋*华,******2008********,748****8006
c*********************y,31e07be6357de1295bd1f8ca2e40d0d5,戈*业,******2001********,783****7935
c**1,d894ed809a71988d42f2bd3be4a49d55,朱*,******1988********,752****7146
z************w,5d51594e9dec02a539f9f5556cd0b2d3,扶*,******1981********,733****4801
y*****n,e11c8da6a9ae19fd2a3d7382df1a6a86,何*微,******1993********,750****2812
w*********i,f0030bb11abb6bf213ed53456b3f8a6a,容*霜,******2000********,790****8453
a*e,af75008c43a5748f21f938081b33dc7c,公**永,******1984********,766****9058
R*********u,5a7a269c58306560d862043cd26494f6,崔*香,******1998********,781****5281
z*****6,ff573eb7e512a6372f861646c4ab6c3b,董*梅,******2002********,773****9927
v**************g,793da7d63f05d3f01ea2580949a91280,姜*,******2009********,745****2040
z****************i,f601154cf1f21857a4150f8050db0d1a,晏*亭,******2019********,799****7819
x*************g,377634548878901bb715281ff90c404a,鱼*婷,******2005********,799****0095
s*********m,31cddcd0ce76fa689ca81a3144e101e8,穆*双,******1992********,732****4971
w***************g,19badd7aa40a7805a5c94f7ef042bc2e,李*雨,******1989********,739****8860
s**********r,9636e02f9b0d092bd776dcbc4a16afce,庾*霞,******2000********,766****6708
l******i,ad91d38e37027247535be47f27e80b70,公*涟,******2008********,777****7211
c*************n,6fd624d7466a6678d5e08dd14464a986,庾*枫,******1970********,748****4655
c**************g,1286bac630605e42d3ac58560767ef36,桓*伯,******2015********,747****2591
L**************************n,80c9ef0fb86369cd25f90af27ef53a9e,公**日,******1990********,759****7207
n**b,1913a09451a2d7e4a0e01b797e3be56c,丁**怡,******2007********,731****0743
M**********a,d0970714757783e6cf17b26fb8e2298f,公*金,******2006********,767****5902
c********u,affc180de3c9824dd80b138b8934b44b,那*可,******2001********,737****5912
w******n,e9e7ad092d0a632f4635324d0b6abcd1,公*纲,******2015********,784****9180
w******************o,5cd8a756410c4f18156fbbb2047f8ff7,廉*琴,******1995********,749****8849
s****************i,d58ab8ee8716fc473db7172a3132af8b,寿*和,******2019********,775****5919
t********m,03e6c61603f6c550ab49ab6a2d83f793,公**典,******2005********,781****7720
0******5,e2d975d073d2ec8edaae635f1736b92a,公**愉,******2005********,787****7895
i****************g,7b627a7bb7923d2543bb343b12604d50,龙*烟,******2020********,791****8220
f********7,0fd641b99735dcd0e06f9f74d7c57c76,公**光,******1992********,789****1064
E********n,dd4413110ebe77e4a592e20d0bd61942,红*海,******2013********,798****2455
c**************************n,1a3dcc6272c5ed3531d1ea1dfc3b8cec,康*熙,******2009********,745****6214
5***********g,8d4d15bb7049585127b37f8570526ad1,单*瑗,******1977********,735****3275
j*****e,54b53072540eeeb8f8e9343e71f28176,须*,******1971********,790****5944
l**********g,9ec4b020757628e901fc8184f34f2cfd,容*,******1979********,766****2332
l*********p,82af916059f13e331e633ac0b8a8191b,晏*,******2007********,733****3575
r******d,e808f10babbb095c03afcf89008def1d,卓*,******1984********,782****8050
x*****i,d7a171484c40b81b965024d67b92dd37,濮*衣,******1971********,798****0971
t******n,9ef4daf50c7f1c680bf5cc8006e26232,茅*,******1984********,781****8814
t****i,4cde4baf346a03aa2466fcefcf0ca96b,漕*桐,******1990********,786****5787
k*********e,9b2c6a727865956c426485ad86852a2b,严*阳,******1996********,781****1965
r*****n,4f86b48e90c88d6ebe87325a9ed9c809,齐*,******2011********,757****8678
3************s,b1016f03393cb955aadc32fd04ed14f5,欧*彤,******2011********,793****0333
9**x,a33cc8708f160fb8d970b134e1f4d515,屋**灿,******1999********,739****0824
0**y,348b544ade55d216ba9cf8310de328fe,冀*红,******2016********,790****6161
l****************1,eb855cfc4859c7efbb868c1fdf03a761,鲁*儿,******1972********,755****4256
c******o,217e12eb880c9cac1b0fd526a6a32a96,鲍*柳,******1978********,783****9471
w*****************g,b51d5af6c801ff4bfd31a4a154f35d35,关**颖,******2003********,753****3346
l***a,c495f98717e3e39078c66241a86258f6,董*馨,******2006********,731****9922
w******************y,63a2c1833dd93fb61bb3ae6dc7e14b3a,乘**豪,******2020********,749****2491
l******n,b8d2ef55e6bc0eccb8d032b5e46a201a,居*,******2005********,759****6313
l********g,490874df393be07d46b1cfdc7aa88037,皮*,******1988********,755****6153
d*****************u,60a02ba7d31d6219d423cfd6494eafcb,公**元,******2014********,738****1653
s*********d,f3ea80e0a6086fd527676b80183a1d08,孙*莲,******1979********,776****9346
g*************o,f9424acaa6a65b642978662bb82dcb6d,任*悦,******1993********,796****6855
l************o,572556b339283dd91e126368c816128b,乐*旋,******2015********,753****5925
l***********y,f0da315b9ef10c05b79692424d8b87dd,东**桃,******2004********,737****5151
l***************e,3102ed7d2147de7a476e944334b1d27d,昌*之,******1975********,783****4347
H********************g,92f8d2d83722cb851ed9ad4ddaa7b9d6,公**安,******1978********,782****7283
D***s,491cbd99d1d48c81e3fd9ff9170cb6d0,厉*慧,******2013********,757****9929
b***********8,561c9db056b1382940deea7a50256f69,浦*芙,******2016********,758****7904
s***k,bb12d875d15483e4b6532a23593f55f5,家*,******2000********,751****7661
l********************g,83c10b5c9e771c6782860323e95cb36d,苏*冰,******1995********,748****4949
s*********c,b8071b522ff8dbe9183d10a4b6a2db70,广*学,******1973********,747****5750
z*********n,96819adab0f2cca96d60ab277eefd1e6,公**禧,******2008********,798****6812
c**n,02936030e9f5073aed91ac5a6745bdb7,公**梅,******2002********,747****2594
D*******m,1348ef51c3787c00c0b0fac9b77c1bac,仰*海,******2013********,796****8089
j******************g,fafb47615ddc404fccbe10a7f5ee2e39,曹*颂,******1981********,749****8581
4*****n,91afd1ff043b7867fa939d52d7a396ba,于*枫,******2017********,790****6587
s***********g,2d572ee9061abe31bb1e81fa2f654067,屠*琴,******2006********,796****4409
y**********n,39b5177e82858ecc5661a2077b58edc3,即**天,******1991********,781****9324
M**********a,9f75e37f5892e344ffc4ed071dabae4d,蒯*凝,******1986********,788****4843
w*,5820d976799121db2d31ff8e38ba3ff4,范*,******2017********,735****4357
c*****o,fa7d2daff65006dd59f9ccbe767be1f7,公*巧,******2001********,752****9835
r************o,c8736dc8acee033edeff3d4efa8e4ea0,潘*雯,******1977********,755****5778
c********************m,d097d957c5fb7f658363061274b4433b,郝*,******2000********,747****1523
l******a,0a845911edd26b4c1f920d3e99566f28,汲*丽,******2010********,734****3318
p******************a,070b7aee4c7809151c153a329e93aa51,双*驰,******1996********,787****7583
y******g,c16a640dd7b9973fbdc275dddac65628,平*梅,******1976********,784****5260
P******************g,1235b644b573e87fbeeba702646f65ba,平*亭,******2020********,777****9117
w************o,7f3241dd139bf06f24a9877a0b43ca5a,毕*,******1984********,731****6142
i**i,351ae1640043544c60e0c1703111b92c,岑*珊,******1981********,790****3648
m************************c,3568cecca7a2af857cd0e2cfe62bc2a5,计*华,******1997********,737****7103
c****************u,c7e6256157b2b3352ee0d95b091e4e95,宁*菀,******1992********,766****3330
D*******************i,0eaacf6b814a363d75c392131faf7da2,双*德,******1998********,780****7953
o*************g,8b353d5cc07e13577608711f4602fcb7,陶*馨,******1983********,733****8446
x********a,5cf22e576a74baa017c92feca5c1ae5d,公**晴,******1975********,730****0538
a***n,1494a1a7007dbb074c0f8db9302b213d,居*平,******1982********,784****3746
o*****e,50f87a3a3ad48e26a5d9058418fb78b5,公*琲,******1986********,775****5349
c*,5b194082433200fda61528381809a65b,公*瓶,******1988********,799****7845
l*******p,5a6c8f8223335c85f54ad39a8a861a9c,逢*文,******2012********,746****4745
z******************g,f2de5672ad9fee4b89c9e00c9bf7b963,东**波,******1998********,781****6913
z*****************o,c97935a39e7c430cc550aaa7c68fc365,文*文,******1997********,785****8810
l*******p,082f2a0da3c293f1adf1e1b94e97c9c2,汪*,******1988********,767****8107
R**********n,f7235a61fdc3adc78d866fd8085d44db,梁*明,******2004********,789****9115
l******************g,123bf93d8333e2e614832bfa2144ee18,陆*辉,******1976********,753****7355
a***a,0664e54a368cfe4215c2f098460aefee,公**悟,******1979********,771****4074
d***************g,e8567dbe206e0240e06f1edde026be3a,东**瑜,******2014********,773****3926
s*********************g,ffd2cc4a875515fea202de09c9d0014a,訾*,******1981********,756****9473
c*********n,c33020a5485bc225b1f19621e6c54616,盖*奥,******1973********,735****3298
c*************a,5ad1b61eb99df17cf5624de899569035,葛*香,******2009********,773****7275
a*****t,4457c93c1919f587a1a55fc7429154f9,邴*,******2016********,739****5833
w******i,643373e3333817f92db814e9643fb9eb,吉**丹,******1979********,786****6889
s**************1,5cdb6cb3040178bb57389319b83fe53e,奚*翠,******1984********,751****7106
S*********t,d5edb4822914c8dd38096d05d1e6b321,阙*月,******1976********,796****4688
b*****g,4f878530c5d58f29887270477a177d38,程*玉,******2016********,774****4763
w*******************8,d169b507ad4182d9c83ec8b18ce07a50,阙*,******1974********,751****0904
m*******y,1a659eb69825b8e0b791972ad4af3d8c,韦*嘉,******2005********,799****9070
q**************i,b7f35ea5024751a6bc2d6da4dba6e180,屋**懿,******2000********,786****0811
x**d,53c45243f05d31d25634d96f6b57a0fa,殳*瑶,******1982********,740****7683
c****3,37d75b1c87216e874599c5132ae3fb6b,乜*蓉,******2003********,773****9357
C****************i,71365ce8134528fedd91fee286c96d5f,殷*晖,******1986********,784****9862
Z*********************s,02c1fe7ab97c8cafb2741ebe00866636,司*德,******2002********,774****6828
l**********n,936d8026c82ecc6bc118ce03a9b525cc,司*代,******1987********,796****4571
b***i,6bec24948882cb8b35a403928814dfdc,凡**壁,******1990********,757****1223
n********z,41e461991d676cb286c18c21ce4285ed,通*,******1985********,799****0740
l*************n,d65cefe317f133cc99fcd4ef9fc25370,工**秀,******2007********,775****3025
w***************c,c2b9f93dbe493e0713ebcaa9cfbb5eab,纪*允,******2018********,776****1937
o************g,b8f8f597f244d3761efefd19fc6f2b14,沈*,******2000********,756****2484
1*********n,ba3359a64ae14ca36acdd8b607963bc7,公**芝,******1970********,791****6497
p**********g,e8ffe682b9150fd6bdb609c8914b63ab,施*,******1975********,786****3929
l***********g,a181c2fe7c505919cb269d44365088fc,莘*真,******2011********,747****2883
C***e,187c4a62bb25f6ffc8caf13b0e06d6f9,陆*明,******1979********,788****8765
z****************u,04e2f0fdedf5c4ad04b050cfca2162b5,麴*,******2008********,767****6230
j*****************g,c9604d89f6c3136988f3be7ea20b4402,凤*灵,******1997********,751****4053
n******i,d1e2125bc73f78e5f55aff9e57bcc184,公**星,******2008********,786****5528
H*********************h,fe324ebf88c78bd6294f70a2457857e7,巩**云,******1987********,759****9688
y***********c,c22510ccf23d56d4c2c4d724a0a9a5d5,储*正,******1981********,732****5341
n************n,16875a14b6e5b0f7eb083411ce9dbb10,龙*,******2011********,756****3116
l***********n,aa17c1726715637668e2bcafcd2f7870,窦*月,******1993********,786****7493
b***s,f408792e78d160cc13c5da556addec4e,京**学,******2002********,788****4314
s***r,dde4ad175782ee33ff791222d27a6a40,方*静,******1990********,793****1276
m**************m,6ae22dfec658ad9a6c39af4d998ac546,端*岚,******1978********,780****6948
d*,44811be5d790a2a37ea9974ab33b43a3,公*梅,******2011********,755****8301
l*******g,7335c14e126fa899fbabf6e71e1b8320,寿*妍,******1994********,781****5039
H**o,e74926f5387d36febcb3ed8c094624d0,邰*儿,******2012********,759****4421
w*************L,c6fc71bb5c450b99141195358eab7f74,关*丹,******1972********,798****9651
G**z,d31afe4ed9d6e8661c5680664485a1f6,姜*如,******1995********,751****1196
P***9,449971f5d46129cc75e2800867ee6602,卓*池,******1978********,766****2099
l***********************2,0d271d13ee7afb83c12d8ffdcf3c37fe,东**思,******2014********,747****6646
r******e,cd13b6a6af66fb774faa589a9d18f906,闻*,******1992********,755****4111
a***********z,9483501122352777872131099531459e,公**洌,******2005********,732****0222
c***********k,a69862d1554c13a754dec43bc9a2224e,惠*波,******1997********,771****1614
y**************e,ea5ba25fcfac135a64812a4984bd9159,汪*锋,******2019********,737****0055
z*************n,85bbe5975dd65e7ad65942c32030c611,公**文,******2017********,798****1499
d*********t,c8704c3bb45d9128a812481db23ec61c,纪*宸,******1975********,767****6406
y******g,81344ba2dd17e22a520a3e74fdb63559,古**英,******1989********,781****8578
z*******************i,a5b06e2f96fa61177ad22f1bdec85592,麴*羽,******2011********,790****2708
l*************l,05a57d7a762c31a0cbe7b4c20d646707,窦**煜,******1988********,740****9447
5**********f,ac75e57bd88441d052deb866a896ba77,工**筠,******1986********,753****0477
l***********g,3f35e401385e01f7e1f227906531c52b,夏*飞,******1989********,787****7295
p*****n,9c72446df124ddf214b698c1e2312371,弘*星,******2005********,731****9847
T**********0,74b8e0f4fde1e3f712dd579ac1347cf7,步*禾,******2019********,795****5739
B********o,0d4ed9054ce5e00eba14398a55b04c15,姜*珍,******2015********,752****5859
l****g,21e7f4ea9b773045b4a0fef86fe3b4d2,雷*筠,******1988********,775****6348
d***********t,0bf80ca2443d6bb958141ff2b2349dd7,蒙*真,******2012********,732****4830
z****u,3bf897c279ec19aa321e4de12904b1cd,公**鸿,******2015********,731****8759
m*************y,21232f297a57a5a743894a0e4a801fc3,方*济,******1988********,737****8383
y******n,9a49cf632fc1051197a385c73498b7f9,贺*朗,******1978********,774****7951
g****t,95949b94d4e1c4938255c125f3ee5f55,程*妍,******2003********,735****2976
S************g,a7f37e8b85d475c9085e2fa6576c500f,尤*洁,******2005********,790****3696
l*****g,e5eee0342afab43556b39576a54fe612,工**豫,******2018********,758****4431
l*************n,ceac74512da239c504aaf51bbca1587c,公*则,******2018********,732****1061
d**o,d8b12ed6ae238d79d25ec9c2773ab793,羿*容,******1990********,791****0994
n************g,b0df2094f49150e871278fee627a87a1,夏*彤,******2017********,745****5609
t*,c981ea2623f24f6f9af3be46a13dd52c,双*梦,******1980********,793****9143
z********a,911e61ca14246b9d199724844bfc894a,逯*娜,******1997********,795****1191
C*****Z,a635922f0201bc0db62937d33131f7cd,宓*,******1991********,735****0158
p*************n,c862fd605a5b2dc272d728ffac51f380,莘*南,******2005********,766****0347
w**************e,749546838ddc1d4777f416865e96dfe8,双*河,******2001********,783****1922
c*************c,3a94a5ba50d353be013aa5a32d9dd91f,师*煦,******2000********,740****4373
J**************************o,06bca89c815a4c8a5eb193ee743bdc33,池*宣,******2012********,738****1668
h********y,9b2052cae7223b768698a0fdb40c7245,禹*,******2007********,735****6874
y*******z,02c10513f7dce0bdb09cdba47b984367,杨*,******1985********,732****2895
J******a,62b441cf7695392329ed265c6ffafb07,公**知,******1984********,796****2702
z**********g,10b22216b16108650e33f444b1666ccb,乐**花,******2017********,730****1184
w******************g,41fdd09308de06e05c4ad0beefc2987a,魏*华,******1973********,796****9998
c*****b,b7ef48f3c54992119b53dd40daee002a,须*,******1996********,755****7624
m****8,5f1839842f2fb6979bf53490d99fa58e,秦*,******2013********,767****7923
o*****************t,664fae06a748e656511d55b59fc6f85e,公**鑫,******2004********,773****3682
z**********e,951b2b0b8b0790afc0b7b10fae71e325,郏*捷,******2012********,731****7377
L****y,4e926dd8a38a689d19031bef11f77f2b,伏*,******1984********,734****1164
R**********i,799229a8af79ac3400e11ab6c8139888,黄*琴,******1970********,747****9282
l*****g,f44bb0534a832c10e162c480254db153,勾*明,******1982********,751****2444
w***********s,8273f9a4830487d0fd67eefa1f05423e,阎*蕊,******1981********,745****0574
w******k,869169fb84d1a2ee34ee4508d90aa1be,广*,******1975********,795****0023
l*******a,364597c92d7ce189c2def5d85187edab,昌*然,******2004********,798****0742
s**p,bf7d498a657fafefe43f49e6a52539e8,董*彩,******2011********,733****6788
0********p,864c9f0af9a5acd7c50d33a039678bce,殷*茂,******2019********,730****2077
r*********k,d9578d33a8c4fc21663cc783e2122798,钭*程,******1972********,748****3711
g******c,1cf2e8b5624c78fbf9528e347d9f45e5,公*俪,******2013********,788****4490
l********i,51f74bde40fe2952f2b78b4fd78de4c0,桂*郎,******1987********,737****5582
c****c,6013e95540a1af80f5932943408cdabc,韦*然,******1989********,766****7688
E******k,0ab67182b65d2d01b638604fa740a17b,东*凝,******1979********,772****9043
z***********************n,86d1a6a7e8dbdc413a18ddbc63b8e6b6,马*,******2002********,776****9759
s****e,51e56a99ddde2b59e21ed1571c4b2520,平*厚,******2003********,759****4173
c***g,21dab17afb987530111f64f123597f1c,后*,******2017********,749****5733
l*****g,788ab7ab8a8ac074cab054e68ec58693,瞿*,******2018********,788****3964
b**********n,48579129074ddcf9c9429efd2c687040,菱*蓉,******2003********,793****7494
d*********g,c81316750a7d75f097b5827f6970a199,吕*丽,******2019********,780****9526
f***i,c27838d92b7f4b9bed9022355ff70b1a,景*雅,******2018********,767****4458
l******************g,a2cd24c29c52e30a1c81e33a55c16921,靳*凡,******2016********,776****7024
z******g,e8557be75c70b7abcd07190b610100b5,公**超,******2004********,738****8840
s**e,c89a8fe72a4d8f560b52d31f324df19c,岑*,******2010********,798****5753
z*****************g,1e8d2954e6950ac10fe08784085309af,訾*琴,******1980********,789****3018
r**************n,463b1b856d8728bdad96c7f19e6fc6f9,卜*弼,******1988********,750****0668
C**********1,6fbdba1eb81acdd79e4387ad5f072054,元*宇,******2017********,740****2533
h******b,ab39a8eab7a34f152bcc3c9e0dc58aef,武*纬,******1984********,731****9413
S************g,282ae5b99978f8a3672115224fd33bf8,褚*熙,******1976********,784****3665
f****************i,b4a61e23e0f24ff21c632bc1e00d3195,何*,******1986********,788****9031
W*******n,084c3eb9a2ea24e5f86dd40f1627618b,宓*筠,******1981********,751****0975
s***************g,6de31959dfe8ecef632490a19df95fa6,米*,******1991********,780****8741
r**************y,13580fe1878192ce6ebb5ccb996fa41f,孙*思,******1988********,758****7786
L****************r,62605b2e9f94bbc71640605d50827adf,祁*,******2005********,738****8701
b******c,cddd4e7bb1f71c4842086144b5e2735a,公**妍,******1987********,786****1652
q************r,1fa64f678fce4f56d4bbc8ba5e686169,吕*珊,******1982********,734****4017
l***********e,2a08dfd1696394d1fd2f0e2a1955cf8e,公*攀,******2015********,772****4155
l***************r,1033edd7d0333eba73ee518067af1853,余*洮,******2007********,786****6194
g***t,30cd2c97b388c03ef0eaa673b3b86f81,叔**芬,******1991********,774****7394
r**************w,fad320735c03f8448a770520692ad3d1,公**心,******1983********,783****9732
z**************g,354a7e1ee6f448a30c41a4ea39f1b4ce,于*烟,******1978********,731****3449
n*****************a,adc1190e7d12814f0c6207b76f56b004,扶*凌,******2002********,748****4390
W****r,d769317e6e5a7e7e1d5fa4b1c97956be,公**曜,******1970********,798****0676
m*********n,f186c29a9f2d751877f8361867875276,花*娜,******1980********,739****8057
z******g,6038a7780d48f07a08d3530e8a90f95d,卞*煦,******2000********,731****4147
5**********o,512c96ec5549a14f64c201d1f4833766,乐*盈,******1998********,777****4448
l****n,0c364e6bdf0b5565cde54ee00d610e2d,郗*,******1992********,739****0540
s*****************a,47c42a98e1b51252f7e566384e0966c6,褚*颖,******1988********,781****7207
l******g,c6576f1b2c3aec04e20cb584929f284e,瞿*云,******1990********,772****8806
5***o,5ad640d3976069cc951ae0cdbfa9570c,公*儋,******2001********,758****4043
l**********e,ff8b688f044641a9cf7ffafa873c9a6e,羿*珠,******1992********,776****8067
r***************o,52caf4e5a5761f6471eba71ab1611373,南**硕,******1984********,730****2216
S****g,58316b6d4656d4a4221b229194129ee3,祖*,******2009********,783****1964
l*******v,59f5a3bfddf0fec8c1492068b5d7b0e7,关*芃,******1999********,753****7320
l*********o,00f2c9a938eb440b8f96ee9d1a8e769d,陆*枫,******1972********,778****2820
s***********n,1e8c6661631901cc202dd9bff4d36f3a,文*妍,******1973********,771****3806
N*******************n,9b4f93d7aa61d42d278f5533f1513a89,咸*香,******2012********,787****3782
d**********************g,cf1b8f1bb94d5c7fb78a4909917c4b43,信*灵,******1981********,756****6819
j*****u,337181dc27b0efd7c9423a764ee315af,公**霁,******2015********,781****2371
l***********a,09b36563ee217f57664589cfef65e2cc,工**曜,******1970********,795****2721
m***********u,c0e4221b9ea35e0cfaf331dc079dcada,宓*梦,******1999********,793****1111
w*********t,84ce7f4ac767f18d540673fa4f2da80b,胡*人,******1992********,756****1643
l*********m,e218282a44f6a9a5b3d30edf0cd863f9,金*峰,******1980********,788****5100
i***********e,a3f0bec59cebeb60553ec80bbfd5dfdf,公**德,******1999********,758****4280
M************n,245fd849cacd4cddb26c61b7a6726830,连*珍,******2004********,730****3150
g*****g,f9e90370aac95c4670db316d490c1f64,印*,******1973********,787****1447
s***f,d0cd2693b3506677e4c55e91d6365bff,庄*望,******2006********,751****7896
0******t,ef8122fd79f1d9c80d5d7a4d5de46f25,菱*,******1972********,759****9383
s*********i,a00b35eefe63377e200e9f5af2aa29d9,晃*妍,******1987********,738****8643
l**********i,c8d9c6d24055ceea8a3df5e0b4173c52,鄂*弼,******1978********,777****8535
D************g,4144cb1e617048e9f64a0468143507bd,蒯*霞,******1972********,782****3482
l****o,ffd76972d6821c0b99dee8cce6a48b7f,卢*璥,******1972********,793****5929
l***************g,d79dd0e63c6a67e4f0fa752e61c80fd1,吉**萱,******1991********,774****2606
m***n,a152e841783914146e4bcd4f39100686,喻*,******1972********,771****4555
p*****o,5abf901d2b446794fc9f3987d07199e2,伶**婉,******2016********,747****1253
c*****i,01a686cb4c3dca07d485cbf2e86a7555,劳*平,******1984********,789****1368
v****************g,5882c44da74f923baabe8476c6e8af37,暨*济,******2014********,730****8354
H*****r,d3ef686e77d03e9eb665089e6cd0f3e2,姜*,******1980********,737****9863
l***o,8fbd98d8e7ba370ca708c6484e050e3c,劳*,******1998********,776****2079
s****************n,b390ce9165820afd0b8770c73da3266b,向*柔,******1981********,734****3287
w**************o,dd33fe04be4dd83a04def84512d7ce85,工**裕,******1973********,799****1404
t****1,b3042030e1e0653a047af3609b5bdcc9,宰*,******2013********,798****7126
e***********g,1a3448d7db965e9f91b75b517f0c1c3b,穆*蕙,******2001********,737****5360
w*******i,c531aa6f6a7876cba1541e6a32e71918,那*旋,******2000********,759****8411
4****1,739f03c16faf85a9b9493bce509edffa,尹*腾,******1988********,758****1696
0********4,ff538a4903d822090aefeb551fdfec73,湛*旷,******1973********,757****5513
t***n,e644bfa559258f437874e4f66188aeed,公**芹,******1977********,735****5805
l*************i,95940c6c5826b2c637df13046f59cc34,屠**爱,******1986********,747****0541
z***j,1eee2afaafde97f4769cc4f0dd06c5ee,吉**学,******1999********,750****8957
w*******************n,6b9260b1e02041a665d4e4a5117cfe16,蒙*光,******2003********,785****9746
p****s,4ea9b875c6a0849fa27be73e94811a80,范*,******1993********,782****9682
C*********X,fefbab3df90a7020bd43c536107e00ee,袁*鲸,******2004********,749****1836
w*********************g,27f050a8b2e305959a97d5ee7580f735,蓬*春,******1986********,738****4222
l****r,e2ae6b81c2bfc370ae75e8b3bf86ae80,公**巧,******1983********,747****1492
0****A,c0898697e535ea01b4c0a77470d8094e,许*瑶,******1985********,767****6857
w*********n,9c6b1174a992ca5c900bcb6de7ce3258,巢*吉,******2019********,731****0463
e******************7,4b66bedcc4157d925114d5413369fcc1,合**丝,******1972********,759****9151
w****u,f8ec60a0a454893a22afc5e8701a4e3f,廖*,******1984********,767****1806
F**************c,d74acdb5b1a266971d00b933764ff77c,庾*慧,******2012********,738****9326
e***********o,ea38dd898a6987bc4e9c7b30d7c95298,贡*南,******1997********,732****5200
z******************r,92a6b38b8d8ba53a0164237666050ee3,傅*懿,******2007********,788****3462
n************e,b7518547b52e672f45c0d81070abea44,阴*美,******1997********,732****6049
n********1,73131f67cbfe1acfb302e8238c21a704,红*,******2018********,735****3055
o**********w,dd2082ac5645158857f46b8cd265c9d3,郝*长,******1970********,767****7265
Y********n,f0a4f7104d7aff1790eda5eadc4282ce,公**材,******1998********,766****1720
x*************c,9a043222cb8d66e30a1aec7a1b8bfa3f,尹*夏,******2000********,799****6661
w**********s,345135da18b4ee3eea3f985ec6acbfff,公*勘,******2003********,767****8702
a**o,d578358557b455697810c211a8e20a6f,扶*曜,******1970********,753****1675
s***********t,3c7855d4b7b8777052342fa93dcae220,厍*,******2010********,772****8915
l****g,9de879e598b99efa7665ab67aaf2db19,殳*锐,******1994********,774****7391
c*****i,ee38f79d296cacb4dd95ef486f654673,糜*伟,******1971********,739****9933
s******************g,762a79a2a5660f31396634d07e596338,郑*宜,******1990********,740****5093
M****g,59779092ef5d556fb2356ba48b2add3f,梁*,******1980********,751****3482
f******r,994823de0f92037667367978cfcc9f97,党*昂,******1975********,795****2152
